,제목,날짜
16,"시원스쿨 평생수강권 무료, 카카오페이지 OOOO 들어갈 정답 '관심'",0
91,"에스원 - 카카오모빌리티, 무인 파킹 솔루션 출시",0
81,카카오 ‘性착취 금지·아동 性 보호’ 모든 서비스에 적용,0
97,"카카오, '성범죄 행위 금지' 명문화… 'N번방법' 시행 앞두고 선제적 대응",0
61,'테크 스타트업'에 꽂힌 네이버·카카오,0
3,"檢, 한동훈 유심칩으로 카카오톡 들여다본 듯... 불법 감청 논란도",0
64,"네이버·카카오페이, 30만원까지 후불결제 허용",0
34,네이버 vs 카카오 vs 토스...빅테크 각자도생 시작됐다,0
71,"'3000억 혈맹' SKT·카카오 ""협업 쉽지 않네""",0
14,"""네이버·카카오는 세상 바꿀 주식…PER 등 기존 잣대로 가치평가 금물""",0
14,카카오 주식 액면분할한다…500원→100원,0
42,시동 끈 타다 드라이버 4명 중 1명 '카카오'로,0
52,성과급 문제 소통나선 네이버와 카카오…네이버 노조 “일방통행”,0
75,"카카오, 내달 2일 인사평가 관련 추가 간담회 연다",0
50,"네이버·카카오 성과급·인사평가제 논란, 창업자 설명회도 역부족",0
20,네이버·카카오 보다 더 주는 곳 수두룩…개발자 몸값 '천정부지',0
57,반려견 동반여행지 50선 선정…'카카오맵'으로 확인,0
83,"‘칼라일이 2억달러 투자’ 카카오모빌리티, 3.4조 기업으로 우뚝",0
24,"카카오 김범수, 인사평가 갈등에 입 열다 ""사내 문화에 경고등""",0
3,카카오 CEO 100인 시대…70년대생 '김범수 키즈'가 뛴다,0
72,"라이언, 노조는 묻지 마?…카카오 사내간담회 참여 제한 논란",0
64,"[단독]넷플릭스와 싸우는 SKB, 카카오TV 손잡는다",0
84,"네이버 기사회생, 카카오 중단 위기‥마이데이터 운명 갈렸다(종합)",0
12,"“카카오 독주 막아라”… 티맵·쏘카, 도전장",0
49,"카카오페이, 혁신금융서비스 '내 대출 한도' 오픈",0
86,"카카오게임즈, '테라 클래식' 등 자사 모바일게임 3종서 '가정의 달' 기념 이벤트 실시",0
24,"판교 알파돔시티 신축건물, 카카오가 10년 간 임대",0
64,"""에버랜드 티켓, 카카오톡에서 발권해요""",0
57,"한성숙 네이버에서 작년 보수 30억, 조수용은 카카오에서 21억 받아",0
53,토스 vs 카카오페이 증권업서 '한판 승부',0
46,"카카오, 여민수·조수용 공동대표 연임 확정",0
7,카카오 블록체인이 멈췄다…40여 서비스 파트너 불똥,0
99,"카카오페이증권, 한 달도 안돼 50만 계좌 돌파",0
20,카카오 이번엔…기업메신저·클라우드 `도전`,0
54,김범수의 통큰 채용…카카오 200명 넘게 뽑는다,0
82,언택트 수혜 네이버·카카오 실적 '장군멍군',0
95,[이번주 추천주]카카오·LG생건 등 '코로나 수혜株' 주목,0
56,네이버·카카오에 푹빠진 외국인·기관,0
58,"카카오페이-카카오페이증권, 잔돈모아 펀드 투자한다",0
84,카카오 日 웹툰플랫폼 '픽코마' 레벨업,0
24,"판교 알파돔시티 신축건물, 카카오가 10년 간 임대",0
86,"카카오게임즈, '테라 클래식' 등 자사 모바일게임 3종서 '가정의 달' 기념 이벤트 실시",0
2,"카카오 자회사들, 금융권 공략 위해 자금확보 나서",0
20,카카오 이번엔…기업메신저·클라우드 `도전`,0
54,김범수의 통큰 채용…카카오 200명 넘게 뽑는다,0
82,언택트 수혜 네이버·카카오 실적 '장군멍군',0
95,[이번주 추천주]카카오·LG생건 등 '코로나 수혜株' 주목,0
56,네이버·카카오에 푹빠진 외국인·기관,0
58,"카카오페이-카카오페이증권, 잔돈모아 펀드 투자한다",0
84,카카오 日 웹툰플랫폼 '픽코마' 레벨업,0
24,"상장 앞둔 카카오모빌리티, 새 투자자 구글·칼라일 '탑승'",0
73,"카카오·네이버, 엔터업계 선두 놓고 정면승부",0
64,"[시그널] 3,300억이 1.3조로 껑충···'앵커PE' 카카오엔터 합병 최대 수혜자",0
5,밀양의 다양한 소식은 카톡으로...카카오톡 채널 운영,0
40,네이버·카카오 통장으로 월급받고 세금 낸다,0
56,"[단독] 카카오, 짐 로저스가 투자한 화장품 벤처 품었다",0
10,"""네이버가 할인마트면 카카오는 명품 백화점""",0
88,"""역시 카카오프렌즈""…NH농협카드 캐릭터 체크카드 100만장 발급",0
90,"[단독] 카카오T, 구글 투자 받는다…테슬라도 '관심'",0
92,다시 돌아온 득템 찬스…카카오프렌즈 홍대 팩토리 스토어 오픈,0
70,"""PC버전 원스토어 출시…네이버·카카오도 비대면 혁신"" (종합)",0
81,[뉴스AS] “단순중개” 카카오T 대리 ‘사용자’인 세 가지 이유,0
34,카카오페이 등 30만원 내 후불결제 서비스,0
28,타다 대리·택시 운행 시작…카카오와 경쟁,0
58,"카카오·케이뱅크 20대 신용대출 연체율, 시중銀의 4배",0
92,네이버-카카오 '한국판 넷플' 놓고 격전,0
37,물류업계의 ‘카카오T’ 떴다,0
2,"카카오 등 38개사 1억5,600만주, 내달 의무보유 풀려",0
97,카카오·크래프톤 구세주 될 '엘리온’ 개발자들 말·말·말,0
83,"[단독] 내년 상장 앞두고…카카오뱅크, 4000억 투자 유치",0
84,"카카오뱅크, '직장인 신용대출' 최저금리 0.15%p 인상",0
54,"초기 안착 성공했지만, 아직은 갈 길 먼 카카오TV",0
80,"""지난해 네이버·카카오 313만개 계정 압수수색... 공권력에 대한 시민 역감시 필요""",0
79,카카오게임즈 간만에 웃었는데...의무보유물량 내달 대거 풀린다,0
88,'언택트' 대장주 카카오...또 다시 상승기류 타나?,0
21,네이버·카카오·배민…‘공룡플랫폼’ 갑질하면 처벌 강화,0
64,"정부, 온라인플랫폼 '갑질' 막는 법 만든다… ""네이버, 카카오, 배민, 쿠팡 모두 대상""",0
1,또 상장 초대박 예고…카카오게임즈 수요예측 경쟁률 `1479대1`,0
0,"카카오뱅크, 김광옥 부대표 선임",0
53,드디어 카카오게임즈 온다…공모 신기록 예약,0
93,"'선물하기' 도입한 배민 ""카카오 한판붙자""",0
2,"네이버·카카오, KTX 기차표 판다",0
48,삼성·네이버·카카오…증시 스타기업 0000에 꽂히다,0
68,"카카오스타일, 브랜드 상품 연말 프로모션 진행",0
52,"""왜 난 주식 없어?"" 딸 한마디에…카카오·테슬라 사준 '파파개미'",0
96,"SPC그룹, 성탄절 홈파티 겨냥 '카카오쇼핑라이브' 성료",0
4,"""LG화학보다는 삼성SDI, 네이버보다는 카카오""",0
10,트럼프 머리카락 양말?…카카오의 기발한 MZ세대 공략법,0
35,‘요기요’ 인수땐 단숨에 배달앱 2위… 네이버·카카오·쿠팡 후보군,0
60,"라이브 커머스 '예능'이 대세…네이버·카카오, 콘텐츠 맞짱",0
86,석달째 옆걸음 네이버·카카오 ‘변곡점’ 온다,0
28,크래프톤·카카오뱅크·SKIET…'공모주 파티' 올해는 더 뜨겁겠네,0
45,"[단독] M&A 광폭행보 카카오모빌리티, 마이발렛 품었다",0
49,"양주시 회천2동, 카카오톡으로 어려운 이웃을 제보해 주세요!",0
21,“라이언 그만 내려와!”…카카오 이젠 ‘죠르디’ 시대 [IT선빵!],0
32,"몸값 오른 핀테크社, IPO 러시…“토스·카카오페이 말고 나도 있다”",0
35,"카카오M, 청춘 시트콤 ‘시벨롬’ 론칭",0
71,"보험사 설립에 난항‥ 카카오, 악사손보 인수 나서나",0
42,네이버 200명·카카오 100여명…`개발자 채용` 피말리는 전투,0
86,"""넷플릭스 나와""··· 카카오·네이버 'OTT 도전장'",0
14,카카오게임즈 수요예측 경쟁률 1천479대 1…IPO 사상 최고,0
10,"1479대 1… SK바이오팜 뛰어넘은 카카오게임즈, 뭉칫돈 몰린다",0
78,"남궁훈 ""개발·유통 다되는 카카오케임즈, 공모금으로 M&A 추진""",0
65,"'개발자 싹쓸이' 나선 카카오, 작년 3배 뽑는다",0
95,"노홍철, '카카오TV 모닝' 주식투자쇼 활약 예고…재테크 천재 변신",0
77,"""1,000원부터 누구나 간편 투자"" 카카오페이증권 펀드 판매 시작",0
43,"""카카오 들어오라""던 與…아예 '언론 손보기' 나서나",0
13,"[단독] 카카오 ""뉴스·동영상 구독모델이 새 성장동력""",0
75,주차업 뛰어든 카카오·SKT '총성없는 전쟁',0
11,'1000만 대군' 카카오 진출…'증권가 태풍' 될까,0
9,'1000만 대군' 카카오 진출…'증권가 태풍' 될까,0
19,'젝시믹스 릴랙스 1+1' 카카오페이지 퀴즈 5자 정답 보기,0
54,"카카오모빌리티-SK가스, 모빌리티 사업 업무협약",0
78,"구월동 미용실 '헤세드미용실' 구월동 본점, 카카오헤어샵에서 선정한 2019년 올해의 매장 수상",0
47,"카카오, 증권업 진출 승인",0
0,펀드 왔숑~ `카카오 공모펀드` 나왔다,0
55,"카카오, 여민수·조수용 공동대표 재선임",0
59,"NH투자증권, 카카오뱅크와 손잡고 증권계좌개설 서비스",0
62,카카오 ‘타다의 길’로 돌아서나…마카롱은 ‘여객법 개정안’ 통과 촉구,0
52,카카오·토스·VI…상반기 3곳 증권사 등판,0
18,"선관위, 카카오톡 프로필 안 바꾼 후보에 '구두경고'",0
59,"카카오게임즈 2차원 게임 3종, 새해에도 팬心 잡는다",20200120
65,"카카오 ""이번 설 귀성길, 24일 오전이 가장 막혀요""",20200121
44,"""옛 남친 사진이 떡하니""… 흑역사 보관함 돼버린 카카오뮤직",20200121
73,'네이버·카카오' 뉴스제휴 신규 매체 발표…9곳은 계약해지,20200121
49,"한국철도 카카오앱 협약, 렌트카예약앱 네이버페이와 제휴",20200121
92,"카카오벤처스, 간식서비스 제공업체 '스낵포'에 투자",20200121
85,흑역사 카톡 프사가? 카카오뮤직 이용자 폭주,20200121
69,"하나금투 ""카카오, 역대 최대 영업이익 예상…'매수'""",20200122
48,"카카오, 한진칼 지분 1% 매입…경영권 분쟁 변수될까",20200122
94,"SK가스-카카오, 모빌리티 서비스 협력한다",20200122
56,"[★주식인사이드] 카카오, 주가 163,500원(1월 31일 9시 2분 기준)",20200122
67,[게시판] 카카오M 신인배우 오디션 7명 최종합격,20200123
42,"증선위, '카카오' 증권업 진출 승인",20200123
90,"'티맵 vs 카카오내비'…설 연휴, 불붙은 이통사 '내비' 경쟁",20200123
50,"카카오톡으로 주식투자....카카오, 증권업 진출",20200123
53,카카오맵서 '신종 코로나' 검색땐 인근 정부지정 진료소 알려준다,20200123
79,"DB금투 ""카카오, 플랫폼 부문 성장 톡비즈가 견인…목표주가↑""",20200124
96,"카카오M, 신인배우 통합오디션 최종합격 7인 발표",20200125
82,카카오톡으로 항공권 구매를…항공업계에 부는 AI바람,20200126
80,카카오 증권업 진출 청신호 ‘카톡으로 주식 산다’,20200126
72,"카카오내비 ""귀경길 26일 11시~14시 가장 혼잡""",20200126
99,"“중소기업 지원 정책, 카카오톡에서 확인한다”",20200127
71,'시원스쿨 반값대란' 카카오페이지 퀴즈 2자 정답 보기,20200127
66,"작년 매출 네이버 6조, 카카오 3조 고지 돌파 전망…올해도 기대↑",20200127
62,페이스북·카카오스토리 등 국내 SNS 이용률 감소세,20200127
68,네이버-카카오 CEO 3월 임기 만료…연임 할까,20200128
61,"새로운 기능을 먼저 써보다, 카카오 실험실",20200128
39,카카오뮤직 ‘프사 소동’…잊혀진 '잊혀질 권리',20200128
57,"카카오, 한진칼 지분 1% 매입…조원태 회장 ‘우군’ 되나",20200128
76,"LX, 웹툰 '오늘도 반듯하게' 카카오 통해 8주간 연재",20200128
77,"카카오, 너 어디까지 가니? 은행 찍고 증권·보험 진출",20200128
91,"카카오주가(035720), 29일 0.92%변동…",20200129
64,"[포토]그린모빌리티어워드, 카카오모빌리티 '스마트 모빌리티' 수상",20200129
89,"네이버·카카오 CEO, 연임 성공할까",20200129
38,‘메기(카카오·토스)가 몰려온다’…증권사 `언택트 마케팅` 불붙었다,20200129
88,거래액 3조원 돌파한 카카오톡 선물하기... 생일 문화를 바꾸다,20200129
21,"카카오 초기 멤버가 세운 어메이즈VR, 250만달러 투자 유치",20200129
97,"종목검색 카카오 주가 29일 현재 163,500원",20200129
27,`신종코로나` 진료소 카카오맵에서 찾는다…네이버도 첫 화면에 정보 배치,20200129
81,"네이버-카카오, 작년 사상 최대 실적 예고",20200129
51,[2020그린모빌리티어워드]스마트 모빌리티상 카카오모빌리티,20200129
36,'추가수량 긴급편성 야나두' 카카오페이지 퀴즈 9자 정답 보기,20200129
70,"""카카오톡으로 보험금 청구""…삼성SDS, '실손 보험금 간편청구 서비스' 시작",20200129
74,카카오ㆍ토스 '여의도행'에 증권가 긴장,20200129
46,"시몬스, 카카오페이 결제 도입",20200129
55,"시몬스침대, 카카오페이 간편 결제 도입",20200129
20,"카카오 측, 멜론 50억 원 청구 소송에 “보상절차 진행 중” [공식]",20200129
0,카카오 T 앱에서 기차표 원스톱 서비스 가능해진다,20200130
43,"카카오게임즈, ‘창세기전:안타리아의전쟁’ 새해 첫 업데이트 진행",20200130
98,데이터복구 전문 '더컴즈' 카카오톡 대화내용 복구 및 휴대폰 복원 비용 할인 혜택 강화,20200130
28,"카카오, 조원태 회장 '연임' 힘 실을 듯",20200130
33,"한상혁, 네이버·카카오에 신종 코로나 가짜뉴스 대응 요청",20200130
26,"서산시, SNS 민원창구 '온통서산' 카카오톡 확대",20200130
8,"카카오벤처스, 美 AR 플랫폼 개발사 스페이셜시스템에 투자",20200130
23,"카카오게임즈 '앙상블 스타즈', 출시 2주년 이벤트",20200130
40,카카오톡 카카오뮤직 '연결과잉'이 불러온 사용자 피로,20200130
35,‘우한 폐렴’ 정보 홍수 속 지원사격 나선 네이버·카카오,20200130
41,'젝시믹스 릴랙스 1+1' 카카오페이지 퀴즈·할인이벤트 실시,20200130
25,"여민수 대표 등 카카오 CEO들, 주식 일부 처분",20200130
13,"카카오톡 만난 ‘디즈니팝 타운’, 내달 23일까지 사전예약",20200130
2,'카카오T' 앱에서 철도 승차권 산다…역 주차장도 안내,20200130
87,"[10년 전 오늘] ""카톡 없던 세상 기억나시는지"" 10년새 카카오 연매출 3조",20200130
12,"카카오, 특별관계자 지분변동",20200130
84,"라이프어터, 카카오톡 선물하기 서비스 도입",20200130
95,"카카오게임즈 '프린세스 커넥트 리 다이브', '프린세스 페스' 및 신규 캐릭터 '유이' 업데이트",20200130
14,카카오 VX “마케팅 강화로 스크린골프 시장 판도 바꾼다”,20200130
15,"카카오, 연내 오라클 DB 전면 걷어낸다",20200130
1,"한상혁, 네이버·카카오 찾아 ""우한폐렴 가짜뉴스 대응"" 당부",20200130
86,"[★주식인사이드] 카카오, 주가 163,000원(1월 30일 9시 2분 기준)",20200130
45,"카카오, 30일 0.92%변동",20200130
17,네이버·카카오 '거침없이 하이킥'…연매출 6兆·3兆 첫 돌파,20200130
34,"네이버·카카오, '웹툰'으로 글로벌시장 날갯짓",20200131
30,그린카·카카오T택시 등 공유 모빌리티 업계 “신종 코로나 안심하세요” 감염 예방 대책 마련,20200131
3,서울시 행정은 카카오톡 '서울톡'에 물어보세요…AI 챗봇 개설,20200131
31,임기 만료 앞둔 카카오·네이버 수장…연임 가능성 '솔솔',20200131
93,"강다니엘, 어피치와 공식 콜라보?…카카오프렌즈 티저 공개",20200131
32,"카카오 블록체인 그라운드X-한양대, ""스마트 계약과 탈중앙 앱"" 학과목 성황리 종료",20200131
83,"[주식인사이드] 코스피 주가정보 - 카카오, 엔씨소프트, 아모레퍼시픽 외 (1월 31일 오후 4시 19분 기준)",20200131
4,"출범 코앞에 둔 카카오증권, '카뱅'처럼 폭발력 있을까",20200131
29,"카카오(035720), 31일 0.00%변동폭 보여…",20200131
5,"카카오 '키즈노트', 어린이집 전자출결 서비스 출시",20200131
18,"국민연금 전자문서, 카톡으로 전송..""카카오 로고가 있어야""",20200131
63,뽑기 하려면 지금이 최고의 기회 카카오게임즈 '프린세스 커넥트! ReDive' 프린세스 페스 진행,20200131
22,[카카오톡 활용하기] 샵(#)검색을 적극 활용하자.,20200131
60,"울산도서관, 카카오톡 채널 서비스 운영",20200131
58,“카뱅 성공도 예상 못해” 카카오 이번엔 증권업계 ‘메기’ 될 수 있을까,20200131
24,`카카오T` 앱에서 철도 승차권 판매,20200131
10,"카카오 '키즈노트', 어린이집 전자출결 서비스 출시",20200131
7,"카카오페이지, 웹툰 '이태원 클라쓰' 포스터 공개",20200131
37,"카카오페이, 증권업 진출…리테일 위협 '긴장'",20200131
6,[방송소식] 유산슬 카카오톡 이모티콘 출시 外,20200131
69,"미래에셋자산운용, 'AI글로벌모멘텀펀드'…카카오페이증권 판매",20200220
79,"NH증권, 카카오엔터프라이즈와 인공지능 전방위 협력 추진",20200224
56,현대캐피탈 인증중고차 '카카오톡 채널' 리뉴얼 오픈,20200224
51,카카오 여민수·조수용 공동대표 25일 이사회에서 재선임,20200224
81,"카카오, 여민수·조수용 공동대표 재선임한다…25일 이사회 의결",20200224
89,"카카오, 10번째 기브티콘 ‘엄마와 반지’ 출시",20200224
87,"카카오키즈-야나두 통합법인, 2019년 50억 흑자 기록",20200224
98,"카카오, ‘톡보드’ 대박낸 여민수·조수용 대표 ‘연임’",20200224
19,"카카오, '코로나19'에 전 직원 원격근무 시행",20200224
70,"카카오, 여민수·조수용 '투톱' 재선임한다‥25일 이사회 의결",20200224
91,"카카오, 코로나19 확산에 전 직원 원격근무 체제",20200225
97,"카카오, 여민수·조수용 공동대표 재선임",20200225
86,카카오뱅크에서 NH투자증권 계좌 개설,20200225
61,"[코로나19]카카오, 26일부터 전직원 원격근무",20200225
63,"네이버·카카오 이사회, 現 대표 신임...“성장 잘 했다”",20200225
96,"""카카오뱅크에서 NH투자증권 계좌 개설하세요""",20200225
48,"카카오, 내일부터 전 임직원 원격근무… ""코로나19 감염 예방""",20200225
90,"카카오 ""상습 악플러, 댓글 영구 제한 추진""",20200226
54,카카오 '악성 댓글러' 댓글 못쓰게 한다,20200226
53,"댓글모욕도 참을 수 없어..카카오, 댓글 정책 강화",20200226
9,[시그널] 보유 회사만 25개...그룹 IPO의 중심에 선 '카카오인베스트먼트',20200226
23,"카카오, 방문객 출입 통제",20200226
71,"카카오, 댓글 정책 강화… '차별·혐오' 신고 항목 신설",20200226
7,"카카오, 사옥 건립 '첫발'…""장기적으로 공동체 공간 마련""",20200226
32,"카카오, 뉴스 댓글 제재 정책 강화",20200226
42,"카카오, 혐오·차별 표현 댓글 제재 정책 강화한다",20200226
60,"카카오, 욕설·혐오·차별 댓글 못단다…건강한 생태계 조성",20200226
67,"오리온, 마켓오 네이처 ‘오!그래놀라바 카카오&유산균볼’ 출시",20200226
40,"카카오, 차별·혐오 표현 악플러 차단…악성 댓글 정책 강화",20200226
6,"악플에 칼 빼든 카카오 ""혐오·차별 소지 댓글 삭제조치""",20200227
39,‘계열사 허위신고 의혹’ 김범수 카카오 의장 무죄 확정,20200227
47,"NH투자증권, 카카오엔터프라이즈와 전방위적인 업무협약 체결",20200227
2,"대법, 카카오 김범수 의장 '계열사 누락 신고' 무죄 확정",20200227
45,"NH투자증권-카카오, 디지털 역량 강화 협력",20200227
44,"카카오엔터프라이즈-NH투자증권, 디지털 워크플레이스 구축 위해 손잡는다",20200227
3,"카카오 AI 기술력, NH투자증권에 결합된다…업무혁신 협약 체결",20200227
41,"카카오엔터프라이즈, NH투자증권과 디지털 업무 혁신 협약 체결",20200227
38,"오리온, '오!그래놀라바 카카오&유산균볼' 출시",20200227
49,"오리온, 간편대용식 '오!그래놀라바 카카오&유산균볼' 출시",20200227
4,"[한기자의 앱세상]""카카오 성장기, 오스카감""…떠나는 사외이사의 소회",20200227
17,"""실적이 말한다""…여민수·조수용, 카카오 CEO 첫 연임",20200227
8,"카카오, 차별·혐오 댓글도 삭제한다 ",20200227
33,"카카오·다음 뉴스, 차별·혐오 댓글도 제재",20200227
31,"카카오페이, 증권 계좌 공식 오픈... 연 5% 이율 내세워",20200227
30,'실적 견인' 네이버-카카오 CEO 연임 성공,20200227
29,"마카롱 vs 타다, 카카오는 선택지 많아..여객법 복잡한 이해",20200227
28,"""카카오페이 증권 계좌로 연 5% 금리 혜택 받으세요""",20200227
12,카카오모빌리티 등 7개 업체 ‘여객법 개정안’ 조속 입법 촉구,20200227
37,"오리온, 마켓오 네이처 '오!그래놀라바 카카오&유산균볼' 출시",20200227
22,"대법, 김범수 카카오의장 ‘계열사 누락 신고’ 무죄 확정",20200227
25,"카카오 ""상습 악플러, 영원히 댓글 못 단다""…댓글 정책 개편",20200227
26,[생생경제] 카톡처럼 카카오 증권 가능할까? 카카오증권의 오해와 진실,20200227
72,"댓글 개편 나서는 네이버·카카오, '공론장' 제기능 되찾을까",20200227
82,"카카오페이, 실명계좌 기반 금융 서비스 본격 개시",20200227
74,"대법, 카카오 김범수 의장 '공시누락 혐의' 무죄 확정",20200227
76,"카카오 정관 사업목적에 '부동산 개발' 추가, 사옥 건립 준비하는 듯",20200227
68,카카오 대형승합택시 '벤티' 본격 확장…'기사회생' 타다에 도전,20200227
65,"현대캐피탈, 인증중고차 ‘카카오톡 채널’ 리뉴얼 오픈",20200227
64,"김범수 카카오 의장, '공시누락 혐의' 무죄 최종 확정",20200227
78,"'야나두 인수' 카카오키즈, 작년 매출 700억…영업익 50억 흑자",20200227
52,"'계열사 5곳 누락 혐의' 김범수 카카오 의장, 무죄 확정",20200227
95,"김범수 카카오 의장, '계열사 누락 혐의' 무죄 확정",20200227
80,"카카오엔터프라이즈-NH투자증권, 디지털 혁신 위한 업무협약 체결",20200227
94,"오리온, ‘오!그래놀라바 카카오&유산균볼’ 출시",20200227
83,"카카오페이머니, 금융서비스 업그레이드…5만원 증정 이벤트",20200227
58,"일상이 된 카카오, 코로나19 몰아쳐도 굳건했다",20200227
84,"카카오페이, 실명계좌 기반 금융서비스 오픈",20200227
85,"'계열사누락 무죄' 김범수 카카오 의장, 27일 대법서 최종 판단",20200227
93,"이마트와 작별한 카카오장보기, 푸드 톡딜로 재탄생",20200227
73,"[출시] 영양성분 강화..오리온, 마켓오 네이처 '오!그래놀라바 카카오&유산균볼'",20200227
92,"NH투자증권, 카카오엔터와 손잡고 '디지털 혁신 추진'",20200227
14,"[빅데이터MSI]시장심리 톱5, 카카오·한화·LG·영원무역·현대상선",20200227
15,카카오페이증권 펀드 판매 개시…1천원부터 소액 투자,20200228
88,"카카오페이, 증권 실명 계좌 기반 서비스 공식 개시",20200228
10,"카카오뱅크, 코로나19에 재택근무 다음달 3일까지 연장",20200228
99,"대전시민대학, 카카오톡 채널 개설",20200228
16,"카카오페이머니 증권계좌 업그레이드 오픈…""금리 최대 연 5%""",20200228
57,"카카오엔터프라이즈, NH투자증권과 디지털 업무 혁신 협약 체결",20200228
46,"28일, 외국인 거래소에서 한진칼(+3.38%), 카카오(-3.64%) 등 순매수",20200228
43,"네이버, 다음 주 인물 연관검색어·연예 댓글 폐지…카카오 뒤따른다",20200228
1,"NH證, 카카오엔터프라이즈와 AI 활용 MOU 체결",20200228
36,"키움투자자산운용, 카카오페이증권 통해 '4차산업혁명 ETF ' 판매",20200228
66,악성 댓글 철퇴 나선 카카오... 뉴스 댓글 서비스·운영 정책 강화,20200228
34,"키움투자자산운용, 카카오페이증권서 4차산업 ETF펀드 판매",20200228
75,현대캐피탈 인증중고차 '카카오톡 채널' 서비스 리뉴얼 오픈,20200228
27,카카오페이머니 2.0 선언… 증권 계좌로 업그레이드,20200228
24,"SK텔레콤, 자녀위치조회·카카오톡·방수방진으로 무장한 키즈폰 '잼폰' 판매",20200228
21,암호화폐 지갑이 뭐길래…네이버·카카오 등 IT업계 경쟁 치열,20200228
20,"현대캐피탈, 인증중고차 '카카오톡 채널' 리뉴얼 오픈",20200228
50,"미래에셋자산운용, AI 활용 글로벌모멘텀펀드 출시…카카오페이증권 통해 판매",20200228
35,"미래에셋자산운용, 카카오페이증권 통해 판매하는 펀드 첫 출시",20200228
11,"키움투자자산운용, 카카오페이증권 통해 4차산업혁명 ETF 판매",20200228
5,"오리온, '오!그래놀라바 카카오&유산균볼' 출시",20200229
72,"카카오, 입장 바꿔 한진그룹 경영분쟁 ‘참전’… “사업 협력관계 고려”",20200320
71,"카카오 ""한진칼 의결권, 협력관계·자문기관 고려…기존입장 유지""",20200320
91,"카카오, 결국 조원태 지지하나···“협력관계·자문기관 고려해 결정할 것”",20200320
33,"카카오, 여민수·조수용 공동대표 연임 확정",20200325
81,"카카오페이, 통합조회 `자산관리` 서비스로 확대",20200325
43,"코로나에 '교육공백' 막자…카카오TV, EBS 2주 라이브 특강 생중계",20200325
95,"카카오, 여민수?조수용 공동대표 연임 확정",20200325
62,"카카오, 여민수·조수용 공동대표 연임 확정",20200325
93,"카카오페이증권, 서비스 개시 28일 만에 50만 계좌 돌파",20200325
56,"대표 재신임한 네이버·카카오, '금융·AI·글로벌' 전진배치",20200325
96,"EBS '2주 라이브 특강, 네이버·카카오로도 본다",20200325
88,카카오 정기 주주총회…여민수∙조수용 공동대표 연임 확정,20200325
68,"카카오, 여민수·조수용 공동대표 연임 확정",20200325
85,"카카오, 주총서 여민수·조수용 공동대표 연임",20200325
69,"[리포트 브리핑]카카오, '모처럼 쉬어가는 구간 ' 목표가 205,000원 - KB증권",20200325
41,"카카오, 여민수·조수용 공동대표 연임 확정",20200325
55,여민수·조수용 연임 확정...'카카오 시즌2' 개척 선봉 맡아,20200325
40,"카카오, 여민수·조수용 연임...""쉼 없이 혁신할 것""",20200325
80,"EBS 라이브 특강, 네이버-카카오에서도 서비스 개시(공식)",20200325
79,"카카오, 여민수·조수용 공동대표 연임... “사회문제 해결 노력하겠다”",20200325
52,"카카오, 여민수·조수용 대표 연임",20200325
51,"카카오, 주총서 '여민수?조수용' 공동대표 연임 확정",20200325
98,"카카오뱅크, 은행권 최초 AI 알고리즘 반영 저축 상품 출시",20200325
47,"카카오모빌리티, 주차서비스 본격 시동…에버랜드에 시스템 구축",20200325
92,"인공지능이 알아서 저축해준다…카카오뱅크, 저금통 새 규칙 적용",20200325
34,"카카오, 여민수·조수용 공동대표 연임 확정",20200325
67,"DB금투 ""카카오, 코로나 영향권이나 사업확장 기대 여전""",20200326
63,"에버랜드, 티켓 발권부터 주차 서비스까지 '카카오' 플랫폼 연동",20200326
44,"""카톡으로 에버랜드 티켓 예매""…카카오·삼성물산 맞손",20200326
70,"카카오엔터프라이즈-삼성물산 리조트부문, 디지털 사업 협력",20200326
50,"카카오ㆍ에버랜드 맞손…""예약·발권과 식음료 주문 결제 등 앱으로""",20200326
48,"발권은 카톡으로, 주차는 카카오T로",20200326
37,“에버랜드서도 카카오T로 편리하게 주차하자”,20200326
66,"에버랜드, 카카오 손잡고 '티켓·식사·주차' 앱으로 손쉽게",20200326
60,카카오모빌리티-에버랜드 '카카오 T 주차 시스템 구축' 맞손,20200326
31,"에버랜드·카카오 맞손… ""티켓·식사·주차, 앱으로 손쉽게""",20200326
65,"카카오모빌리티, 에버랜드에 '카카오 T 주차 시스템' 구축",20200326
78,카카오모빌리티-에버랜드 ‘카카오 T 주차 시스템 구축' 맞손,20200326
84,"카카오모빌리티, 에버랜드 '카카오 T 주차 시스템 구축' 맞손",20200326
35,목수·서당 훈장·유튜버·카카오대리기사…이색이력 총선후보는,20200326
89,"""에버랜드 주차장도 줄서기 끝""…카카오모빌리티, 주차 서비스 제공",20200326
90,"""에버랜드 티켓, 카카오톡으로 받아요"" 카카오-삼성물산 MOU",20200326
97,"카카오모빌리티-삼성물산 리조트부문, 에버랜드에 '카카오 T 주차' 서비스 제공",20200326
38,"카카오-에버랜드 MOU 구축…""앱 통해 티켓발권·식사·주차 더욱 쉽게""",20200326
36,카카오T서 에버랜드 주차 정보 본다,20200326
49,"카카오, 정기 주총 개최…여민수·조수용 공동대표 연임 확정",20200326
86,"카카오모빌리티, 에버랜드에 '카카오 T 주차' 서비스 구축",20200326
73,"카카오엔터프라이즈, 삼성물산 리조트부문과 디지털 사업 협력",20200326
75,"롯데칠성, '밀키스 핑크소다 카카오프렌즈 에디션' 출시",20200327
74,"롯데칠성, ‘밀키스 핑크소다 카카오프렌즈 에디션’ 출시",20200327
83,‘사회적 거리 두기’도 재기발랄하게…카카오·야놀자·코오 로고 제작,20200327
32,"'90년생 사외이사'…카카오, 박새롬 교수 선임",20200327
94,"롯데칠성, '밀키스 핑크소다 카카오프렌즈 ' 출시",20200327
87,"카카오 커머스, 대구시교육청에 손소독제 12만개 기부",20200328
58,에버랜드서 '카카오T 주차' 앱으로 쉽게 주차한다,20200329
54,"여민수·조수용 카카오 대표 연임…""쉼없이 혁신하겠다""",20200329
77,"삼성화재·카카오페이, '디지털 손보사' 인가신청 연기",20200330
39,"논산시, 카카오톡 챗봇 서비스로 코로나 대응현황 실시간 제공",20200330
42,"논산시, 카카오톡 챗봇 서비스로 코로나 대응현황 실시간 제공",20200330
59,"[스마트홈] 호반건설, 카카오와 협업 등 4차 산업혁명 대비",20200330
9,"한성숙 네이버 대표, 작년 보수 30억…카카오 조수용 21억",20200330
11,"카카오 조수용 대표, 스톡옵션으로만 13억… 연봉 2.5배↑",20200330
29,"[연봉공개]조수용 카카오 대표, 21억원 벌어…스톡옵션 '잭팟'",20200330
27,"[I-리포트] 카카오, 금융·콘텐츠 사업 기대-한화투자",20200330
19,"카카오블록체인 '클레이튼', 13시간만에 장애 복구",20200330
14,"카카오커머스, 농어촌 특별 기획전 진행",20200330
23,카카오 블록체인 '클레이튼' 10시간 이상 장애 발생해 블록 생성 정지,20200330
16,"카카오 호실적인데, 5억도 안받은 김범수 의장",20200330
61,"카카오커머스, 31일까지 코로나19 피해 극복 위해 농수산물 특별 기획전 진행",20200330
3,"[Hot-Line] ""카카오, 코로나19로 이익 개선이 미뤄질 전망""…목표가↓",20200330
76,[CEO LOUNGE] 카카오톡 10주년 맞이한 김범수 카카오 의장 | 국민 메신저에서 쇼핑·금융 전방위 확장,20200330
82,"카카오커머스, 코로나19 피해 농어촌 돕기 나서…특별 기획전 진행",20200330
24,"[코로나19] 카카오커머스, 피해 농어촌 위한 특별 기획전 진행",20200330
15,서산시 공식 카카오톡 채널 4월 1일 오픈,20200331
10,"'꿈의 직장' IT업계 직원 연봉은…네이버·카카오 8천만대, 넷마블은 1억원",20200331
12,"'4·15 선거' 앞두고 네이버·카카오, 총선 모드 'ON'",20200331
8,"카카오 조수용 대표, 스톡옵션으로만 13억… 연봉 2.5배↑",20200331
18,"카카오뱅크, '한투 IB 출신' 김광옥 부대표 사내이사로 선임",20200331
17,"카카오뱅크, 김광옥 전 한투파트너스 전무 부대표로 선임",20200331
13,"[디지털금융, 명과암③] 카카오·현대차·SKT, 왜 ‘디지털 손보사’인가",20200331
21,[금융가Talk] '진짜' 카뱅되는 카카오뱅크,20200331
22,"카카오뱅크, 정기주주총회…김광옥 부대표 선임",20200331
5,엔씨 창업자 연봉이 카카오 창업자보다 10배 많아,20200331
20,"지앤넷,카카오톡에 '실손보험빠른청구' 서비스 오픈",20200331
2,"카카오, 신선식품 특별 기획展…코로나19 피해 농어촌 지원",20200331
4,‘스타트업에서 10조 대기업으로’…카카오톡 10년 결정적 순간들,20200331
45,"카카오뱅크, 한투 출신 김광옥 부대표 영입...CSO·CFO 함께 맡는다 ",20200331
6,"'트로트 여신 가인이어라~' 카카오 이모티콘, 新 효도템 등극",20200331
28,"카카오뱅크 정기주주총회 개최, 김광옥 부대표 선임",20200331
26,서산시 카카오톡 채널 4월1일 오픈…'온통서산' 연계 양방향 소통 강화,20200331
25,카카오뱅크 부대표에 김광옥 선임…한투 출신 IB맨,20200331
1,"카카오뱅크, 주총서 김광옥 부대표 선임",20200331
30,"카카오뱅크, 부대표직 신설…김광옥 전 한투파트너스 전무 선임",20200331
87,"카카오, AI 경진대회 '제3회 카카오 아레나' 개최",20200419
87,"카카오, AI 경진대회 '제3회 카카오 아레나' 개최",20200419
91,"카카오 ""세상을 함께 바꿀 루키를 기다립니다""",20200420
90,"카카오, 채용연계형 인턴십…서비스·사업 분야 포함 최대 규모",20200420
92,"카카오, 올 상반기 대규모 채용 인턴십 진행",20200420
99,"카카오엔터프라이즈-교보생명, AI 기반 비대면 채널 확대 MOU 체결",20200420
85,"카카오, 역대 최대 규모 인턴십 진행…""슈퍼루키여 오라""",20200420
64,"학력⋅전공 안묻는 카카오, 채용연계형 인턴십 모집… “역대 최대 규모”",20200420
90,"카카오, 채용연계형 인턴십…서비스·사업 분야 포함 최대 규모",20200420
64,"학력⋅전공 안묻는 카카오, 채용연계형 인턴십 모집… “역대 최대 규모”",20200420
55,"데이터3법 토론회, 29일 오후2시부터 네이버TV·카카오TV 생중계",20200420
92,"카카오, 올 상반기 대규모 채용 인턴십 진행",20200420
91,"카카오 ""세상을 함께 바꿀 루키를 기다립니다""",20200420
99,"카카오엔터프라이즈-교보생명, AI 기반 비대면 채널 확대 MOU 체결",20200420
85,"카카오, 역대 최대 규모 인턴십 진행…""슈퍼루키여 오라""",20200420
55,"데이터3법 토론회, 29일 오후2시부터 네이버TV·카카오TV 생중계",20200420
88,"교보생명-카카오엔터프라이즈, AI 기반 비대면 서비스 강화",20200420
88,"교보생명-카카오엔터프라이즈, AI 기반 비대면 서비스 강화",20200420
74,"카카오, AI 경진대회 '제3회 카카오 아레나' 개최",20200421
74,"카카오, AI 경진대회 '제3회 카카오 아레나' 개최",20200421
97,"카카오엔터프라이즈, 교보생명과 AI 등 MOU 체결",20200421
97,"카카오엔터프라이즈, 교보생명과 AI 등 MOU 체결",20200421
73,코엑스에 '카카오T' 기반 스마트 주차장 구축,20200422
57,"윤호영 대표 ""카카오뱅크, 하반기부터 IPO 준비""",20200422
77,"코엑스 주차장, '카카오T 주차'로 스마트해진다",20200422
57,"윤호영 대표 ""카카오뱅크, 하반기부터 IPO 준비""",20200422
73,코엑스에 '카카오T' 기반 스마트 주차장 구축,20200422
46,코엑스 주차장 '카카오T'로 똑똑하게 바뀐다,20200422
46,코엑스 주차장 '카카오T'로 똑똑하게 바뀐다,20200422
77,"코엑스 주차장, '카카오T 주차'로 스마트해진다",20200422
62,카카오 김범수 의장이 지인 학부모에게 건넨 조언은?,20200423
62,카카오 김범수 의장이 지인 학부모에게 건넨 조언은?,20200423
83,"카카오, 역대 최대 인턴 채용",20200426
96,"카카오, AI 경진대회 제3회 '카카오 아레나' 개최",20200426
96,"카카오, AI 경진대회 제3회 '카카오 아레나' 개최",20200426
83,"카카오, 역대 최대 인턴 채용",20200426
98,"카카오, 서비스·비즈 분야 대규모 인턴십 지원자 모집",20200427
50,‘카뱅 퍼스트’ 전략 시동 …카카오뱅크-카카오페이 강력한 결합 추진,20200427
51,"교보생명, 카카오엔터프라이즈와 AI 비대면 채널 확대 MOU 체결",20200427
70,"KB국민카드, 카카오뱅크 신용카드 출시…""월 최대 5만원 할인""",20200427
94,신용카드 출시한 '카카오뱅크'가 카드 쓰면 준다는 어마어마한 혜택,20200427
93,"카카오뱅크, 모바일 앱 전면 개편…금융 플랫폼 기능 강화",20200427
63,"신한카드, 카뱅 전용 '카카오뱅크 신한카드' 출시",20200427
67,"카카오뱅크, 모바일 앱 전면 개편···금융플랫폼 기능 강화",20200427
68,"카카오엔터프라이즈·교보생명, 비대면 채널 구축 협약 체결",20200427
52,"카카오엔터프라이즈, 교보생명과 비대면 채널 확대 나선다",20200427
98,"카카오, 서비스·비즈 분야 대규모 인턴십 지원자 모집",20200427
76,"카카오엔터프라이즈, 교보생명과 사업협력 체결…상담챗봇 등 비대면 채널 확대 목적",20200427
8,"카카오의 신용카드 4총사, 나한텐 맞는 비장의 카드는?",20200427
33,"카카오엔터프라이즈, 교보생명과 함께 AI 기반 비대면 채널 확대",20200427
34,"카카오엔터프라이즈, 교보생명과 사업협력 MOU 체결",20200427
36,"교보생명, 카카오엔터프라이즈와 손잡고 AI 언택트 서비스 '박차'",20200427
37,"카카오엔터프라이즈, 교보생명 비대면 채널 구축 추진",20200427
38,"카카오엔터프라이즈, 교보생명과 비대면 고객상담 서비스 동맹",20200427
81,"카카오뱅크 앱, 바뀌었다…""전철에선 통장잔고 숨기세요""",20200427
39,"""이제 금융 플랫폼이다""...카카오뱅크2.0에서 달라진 것들",20200427
42,"교보생명, 카카오 AI 챗봇 상담시스템 도입",20200427
22,교보라이프-카카오페이 '내보험관리' 이용자 20만명 돌파,20200427
49,"""카톡으로 보험 상담하세요""…카카오·교보생명 MOU",20200427
45,"카드사 빅3, 카카오뱅크 신용카드 출시…연회비·혜택은?",20200427
59,교보생명-카카오엔터 AI 등 비대면 서비스 강화,20200427
80,"[블록人터뷰] ""카카오톡 디지털 자산 지갑 ‘클립’ 6월에 공개한다""",20200427
11,"""카톡서 보험 상담 가능"" 카카오엔터프라이즈, 교보생명과 손잡는다",20200427
71,윤호영 카카오뱅크 대표 “하반기부터 기업공개 준비”,20200427
69,"윤호영 카카오뱅크 대표 ""'카뱅 퍼스트'로 금융 앱 표준 다시 쓴다""",20200427
50,‘카뱅 퍼스트’ 전략 시동 …카카오뱅크-카카오페이 강력한 결합 추진,20200427
59,교보생명-카카오엔터 AI 등 비대면 서비스 강화,20200427
80,"[블록人터뷰] ""카카오톡 디지털 자산 지갑 ‘클립’ 6월에 공개한다""",20200427
76,"카카오엔터프라이즈, 교보생명과 사업협력 체결…상담챗봇 등 비대면 채널 확대 목적",20200427
81,"카카오뱅크 앱, 바뀌었다…""전철에선 통장잔고 숨기세요""",20200427
71,윤호영 카카오뱅크 대표 “하반기부터 기업공개 준비”,20200427
70,"KB국민카드, 카카오뱅크 신용카드 출시…""월 최대 5만원 할인""",20200427
69,"윤호영 카카오뱅크 대표 ""'카뱅 퍼스트'로 금융 앱 표준 다시 쓴다""",20200427
68,"카카오엔터프라이즈·교보생명, 비대면 채널 구축 협약 체결",20200427
67,"카카오뱅크, 모바일 앱 전면 개편···금융플랫폼 기능 강화",20200427
79,"삼성카드,'카카오뱅크 삼성카드' 출시…""연회비 7000원, 無조건 할인""",20200427
63,"신한카드, 카뱅 전용 '카카오뱅크 신한카드' 출시",20200427
93,"카카오뱅크, 모바일 앱 전면 개편…금융 플랫폼 기능 강화",20200427
94,신용카드 출시한 '카카오뱅크'가 카드 쓰면 준다는 어마어마한 혜택,20200427
52,"카카오엔터프라이즈, 교보생명과 비대면 채널 확대 나선다",20200427
51,"교보생명, 카카오엔터프라이즈와 AI 비대면 채널 확대 MOU 체결",20200427
45,"카드사 빅3, 카카오뱅크 신용카드 출시…연회비·혜택은?",20200427
49,"""카톡으로 보험 상담하세요""…카카오·교보생명 MOU",20200427
79,"삼성카드,'카카오뱅크 삼성카드' 출시…""연회비 7000원, 無조건 할인""",20200427
42,"교보생명, 카카오 AI 챗봇 상담시스템 도입",20200427
8,"카카오의 신용카드 4총사, 나한텐 맞는 비장의 카드는?",20200427
34,"카카오엔터프라이즈, 교보생명과 사업협력 MOU 체결",20200427
36,"교보생명, 카카오엔터프라이즈와 손잡고 AI 언택트 서비스 '박차'",20200427
37,"카카오엔터프라이즈, 교보생명 비대면 채널 구축 추진",20200427
33,"카카오엔터프라이즈, 교보생명과 함께 AI 기반 비대면 채널 확대",20200427
39,"""이제 금융 플랫폼이다""...카카오뱅크2.0에서 달라진 것들",20200427
22,교보라이프-카카오페이 '내보험관리' 이용자 20만명 돌파,20200427
11,"""카톡서 보험 상담 가능"" 카카오엔터프라이즈, 교보생명과 손잡는다",20200427
38,"카카오엔터프라이즈, 교보생명과 비대면 고객상담 서비스 동맹",20200427
16,"카카오페이, 잔돈 모아 펀드 투자하는 '동전 모으기' 출시",20200428
48,"외인·기관, 네이버·카카오 담는다",20200428
53,"카카오페이·카카오페이증권, 잔돈 모아 펀드 투자 ‘동전 모으기’ 오픈",20200428
21,"카카오엔터프라이즈·교보생명, 비대면 채널 구축 협약 체결",20200428
30,"카카오페이・카카오페이증권, ""잔돈 모아 펀드 투자하세요""",20200428
65,"카카오페이, 잔돈 모아 펀드 투자해요…'동전 모으기' 서비스 출시",20200428
66,"‘같지만 다른 은행’ 카카오뱅크, 이번엔 제휴 신용카드 출시",20200428
72,"카카오페이-카카오증권, 잔돈 모아 펀드 투자 '동전모으기' 오픈",20200428
75,"카카오엔터·교보생명, AI 기반 비대면 채널 서비스 구현 ‘맞손’",20200428
75,"카카오엔터·교보생명, AI 기반 비대면 채널 서비스 구현 ‘맞손’",20200428
53,"카카오페이·카카오페이증권, 잔돈 모아 펀드 투자 ‘동전 모으기’ 오픈",20200428
72,"카카오페이-카카오증권, 잔돈 모아 펀드 투자 '동전모으기' 오픈",20200428
16,"카카오페이, 잔돈 모아 펀드 투자하는 '동전 모으기' 출시",20200428
48,"외인·기관, 네이버·카카오 담는다",20200428
65,"카카오페이, 잔돈 모아 펀드 투자해요…'동전 모으기' 서비스 출시",20200428
30,"카카오페이・카카오페이증권, ""잔돈 모아 펀드 투자하세요""",20200428
21,"카카오엔터프라이즈·교보생명, 비대면 채널 구축 협약 체결",20200428
66,"‘같지만 다른 은행’ 카카오뱅크, 이번엔 제휴 신용카드 출시",20200428
26,"카카오, 코로나19 기부 캠페인 모금액 50억원 돌파",20200429
27,"카카오게임즈 프린세스커넥트, 새 캐릭터 앤 추가",20200429
28,"네이버·카카오·엔씨소프트, 5월 정상출근…IT 업계, 일상 복귀 시동",20200429
0,"카카오, 코로나19 기부 캠페인 모금액 50억 돌파",20200429
19,"KIA 타이거즈, '호걸이' 카카오톡 이모티콘 출시",20200429
31,"카카오게임즈, 모바일게임 3종서 가정의 달 기념 이벤트 진행",20200429
32,"윤호영 카카오뱅크 대표 ""주담대·기업대출 출시 미정""",20200429
61,"[단독] 리테일 집중하던 카카오페이증권, IB도 키운다",20200429
60,"천안시 서북구보건소 카카오톡, 시민과의 소통창구 역할 '톡톡'",20200429
35,"KIA, '호걸이' 카카오톡 이모티콘 출시",20200429
40,"미래에셋운용-카카오, 판교 최대 규모 10년 책임임대차 계약",20200429
47,"윤호영 ""카카오뱅크 주택담보대출과 기업금융 진출은 시기상조""",20200429
43,"미래에셋자산운용-카카오, 판교 최대규모 책임임대차 계약 체결",20200429
7,"카카오키즈, KBS 'TV유치원' 채널오픈 첫달 1000원",20200429
78,"카카오게임즈 모바일게임 3종, '가정의 달' 기념 이벤트 실시",20200429
17,"KIA, 마스코트 '호걸이' 카카오톡 이모티콘 출시",20200429
15,"신영, '울산 지웰시티 자이'에 카카오 인공지능 플랫폼 'AI월패드' 도입",20200429
12,"카카오엔터프라이즈, 교보생명과 사업협력 MOU 체결",20200429
3,"카카오 계열사, 판교 신축건물 통으로 빌려 한 곳에 모인다",20200429
4,"네이버·카카오, 다음달 11일부터 정상 출근",20200429
5,"황금연휴? 취준생들은 ""현대모비스·카카오·기업은행 자소서 써야""",20200429
89,"윤호영 카카오뱅크 대표 ""올 하반기 IPO 실무 준비 본격화""",20200429
6,"카카오, 코로나19 기부 캠페인 모금액 50억 돌파",20200429
29,"카카오키즈, 'KBS TV유치원' 채널 선봬",20200429
23,카카오뱅크·케이뱅크도 대출 유예 신청 받는다,20200429
1,“카카오 한 곳에 모인다”···판교 신축 건물 통임차,20200429
10,"카카오뱅크, 신용대출 폭증…윤호영 대표 ""면밀 모니터링""",20200429
28,"네이버·카카오·엔씨소프트, 5월 정상출근…IT 업계, 일상 복귀 시동",20200429
4,"네이버·카카오, 다음달 11일부터 정상 출근",20200429
10,"카카오뱅크, 신용대출 폭증…윤호영 대표 ""면밀 모니터링""",20200429
3,"카카오 계열사, 판교 신축건물 통으로 빌려 한 곳에 모인다",20200429
12,"카카오엔터프라이즈, 교보생명과 사업협력 MOU 체결",20200429
15,"신영, '울산 지웰시티 자이'에 카카오 인공지능 플랫폼 'AI월패드' 도입",20200429
17,"KIA, 마스코트 '호걸이' 카카오톡 이모티콘 출시",20200429
1,“카카오 한 곳에 모인다”···판교 신축 건물 통임차,20200429
7,"카카오키즈, KBS 'TV유치원' 채널오픈 첫달 1000원",20200429
43,"미래에셋자산운용-카카오, 판교 최대규모 책임임대차 계약 체결",20200429
23,카카오뱅크·케이뱅크도 대출 유예 신청 받는다,20200429
5,"황금연휴? 취준생들은 ""현대모비스·카카오·기업은행 자소서 써야""",20200429
47,"윤호영 ""카카오뱅크 주택담보대출과 기업금융 진출은 시기상조""",20200429
35,"KIA, '호걸이' 카카오톡 이모티콘 출시",20200429
60,"천안시 서북구보건소 카카오톡, 시민과의 소통창구 역할 '톡톡'",20200429
61,"[단독] 리테일 집중하던 카카오페이증권, IB도 키운다",20200429
32,"윤호영 카카오뱅크 대표 ""주담대·기업대출 출시 미정""",20200429
31,"카카오게임즈, 모바일게임 3종서 가정의 달 기념 이벤트 진행",20200429
19,"KIA 타이거즈, '호걸이' 카카오톡 이모티콘 출시",20200429
0,"카카오, 코로나19 기부 캠페인 모금액 50억 돌파",20200429
27,"카카오게임즈 프린세스커넥트, 새 캐릭터 앤 추가",20200429
26,"카카오, 코로나19 기부 캠페인 모금액 50억원 돌파",20200429
29,"카카오키즈, 'KBS TV유치원' 채널 선봬",20200429
40,"미래에셋운용-카카오, 판교 최대 규모 10년 책임임대차 계약",20200429
89,"윤호영 카카오뱅크 대표 ""올 하반기 IPO 실무 준비 본격화""",20200429
78,"카카오게임즈 모바일게임 3종, '가정의 달' 기념 이벤트 실시",20200429
6,"카카오, 코로나19 기부 캠페인 모금액 50억 돌파",20200429
9,"'취준생, 황금연휴 포기' 현대모비스·카카오·기업銀 등 서류접수 마감",20200430
13,"카카오, 코로나19 기부 캠페인 모금액 50억 넘었다",20200430
14,"[주간추천종목] 유안타증권 ""코스맥스·카카오·LG화학"" 주목",20200430
41,카카오게임즈 '프린세스 커넥트' 새 캐릭터 선봬,20200430
2,"‘일진의 크기’ ‘시동’…카카오, 황금연휴에 인기 웹툰 쏜다",20200430
18,황금연휴 주요 기업 채용 서류마감…현대모비스카카오IBK기업은행 등,20200430
9,"'취준생, 황금연휴 포기' 현대모비스·카카오·기업銀 등 서류접수 마감",20200430
18,황금연휴 주요 기업 채용 서류마감…현대모비스카카오IBK기업은행 등,20200430
2,"‘일진의 크기’ ‘시동’…카카오, 황금연휴에 인기 웹툰 쏜다",20200430
41,카카오게임즈 '프린세스 커넥트' 새 캐릭터 선봬,20200430
44,"[fn마켓워치]카카오게임즈, 상장 속도",20200430
25,"신영, 카카오 인공지능 탑재한 월패드 선봬",20200430
14,"[주간추천종목] 유안타증권 ""코스맥스·카카오·LG화학"" 주목",20200430
13,"카카오, 코로나19 기부 캠페인 모금액 50억 넘었다",20200430
44,"[fn마켓워치]카카오게임즈, 상장 속도",20200430
25,"신영, 카카오 인공지능 탑재한 월패드 선봬",20200430
70,"""현대차 제친 카카오""…한국 대표그룹 설문조사서 3위 올라",20200622
92,"한국로슈·한국다케다, 카카오톡 이용 '언택트 채널' 소통 강화",20200622
96,“카톡서 바로 11번가 쇼핑”···SKT-카카오 두 번째 협업,20200622
40,"카카오 클레이튼, 파트너사에 '클레이' 지급한다",20200625
86,"인천교육청, 7월부터 '카카오톡 플러스 친구 채널' 운영",20200625
85,"한국암웨이, 카카오엔터프라이즈와 MOU 체결하고 디지털 혁신 강화",20200625
98,에스원 '무인 주차 솔루션' 카카오T로 편리하게,20200625
71,"“카톡에 11번가 쏙” SKT-카카오 동맹, 플랫폼 시너지 실험 본격화",20200626
95,"에스원, 무인 주차시장 공략…카카오모빌리티와 무인파킹 솔루션 출시",20200626
76,"카카오, 7월 2일부터 '아동·청소년 성보호' 서비스 시행",20200626
82,카카오 '가맹택시 콜 몰아주기' 의혹… 택시업계와 갈등 우려,20200626
66,"카카오, 성착취·아동 성범죄 금지 명문화",20200626
50,카카오톡·다음 운영정책에 ‘성범죄 행위 금지’ 명문화,20200626
33,"카카오, 아동·청소년 성범죄 ‘무관용’",20200626
88,"'집사부일체' 남궁훈 카카오게임즈 대표 ""연봉? 프로게이머 정도 받는다""[Oh!쎈 리뷰]",20200626
65,"카카오, '청소년 성범죄'에 무관용 원칙 적용…운영정책 변경",20200626
99,"카카오, 아동·청소년 대상 성범죄에 ‘무관용’ 원칙 적용",20200627
89,"한국암웨이-카카오엔터프라이즈, 디지털 혁신 강화 맞손",20200628
83,"‘삼성페이, 토스, 카카오뱅크’ 한국인이 가장 많이 사용하는 금융결제앱",20200628
57,"'집사부일체' 카카오게임즈 남궁훈, 남다른 경영철학→세심+실속 직원 복지에 '감탄'",20200629
56,대표님이 거기서 왜 나와? 카카오게임즈 IPO '성큼',20200629
54,판교 휩쓸고 있는 카카오T 바이크… 성능에 만족하다 이용요금에 '깜짝',20200629
22,"카카오페이, 혁신금융서비스 `내 대출 한도` 오픈",20200629
59,"""대출 한도 조회도 가능"" 카카오페이, 금융서비스 확장",20200629
53,"카카오게임즈, 그랜드체이스 에우로파 사전예약 돌입",20200629
73,"""이력서에 다 보여요” 남궁훈 대표가 전하는 카카오게임즈 A to Z",20200629
64,카카오게임즈 그랜드체이스 ‘에우로파’ 업데이트 사전예약 진행,20200629
75,"[게임단신] 넷마블, 온라인 댄스게임 ‘클럽 엠스타’ 시즌8 업데이트, 카카오게임즈, ‘그랜드체이스’ 신규 영웅 ‘에우로파’ 업데이트 사전예약 진행",20200629
77,"카카오페이, 혁신금융서비스 ‘내 대출 한도’ 오픈",20200629
79,"'집사부일체', 카카오게임즈 남궁훈 대표 출연... 남다른 경영 철학 공개",20200629
80,"카카오페이, '내 대출 한도' 서비스 오픈",20200629
87,"카카오, 아동 성범죄에 '무관용' 조항 신설",20200629
94,인터넷 문화 경종 울린 카카오...'아동 성범죄·성착취 무관용' 최초로 못 박았다,20200629
67,"카카오페이지, '승리호'에 이어 '정상회담 스틸레인3' 슈퍼웹툰 프로젝트로 선정",20200629
47,"카카오페이, 혁신금융서비스 ‘내 대출 한도’ 오픈",20200629
60,"BNK경남은행, 카카오페이에 'BNK모바일신용대출·BNK모바일신용대출 플러스' 론칭",20200629
45,카카오페이에서 경남은행 신용대출 한도 조회 가능,20200629
27,[단독] 결제 한 번 취소하니…카카오뱅크 '캐시백 누락',20200629
29,"카카오페이, 혁신금융서비스 ‘내 대출 한도’ 오픈",20200629
63,"카카오페이지-다음웹툰, ‘정상회담: 스틸레인3’ 슈퍼웹툰 프로젝트 선정",20200629
30,"카카오게임즈 남궁훈 대표, 기업 특성 살린 사회공헌 화제",20200629
32,"카카오페이, 대출 상품 한눈에 비교 '내 대출 한도' 서비스 오픈",20200629
20,"""여러 은행 가지말고 카카오페이에서 대출한도·금리비교 한번에""",20200629
35,"카카오페이, ‘내 대출 한도’ 오픈... 금리 비교까지 한번에",20200629
37,"카카오페이, '내 대출한도'로 은행별 금리·한도액 한번에 파악""",20200629
38,"“얼마까지 대출 가능할까”…카카오페이, '내 대출 한도' 서비스 오픈",20200629
31,"""은행과 동일한 결과 제공""…카카오페이, '내 대출 한도 서비스' 출시",20200629
41,"카카오페이지 웹툰 ‘정상회담: 스틸레인3’, 영화 ‘강철비2: 정상회담’으로 재탄생",20200629
44,"카카오페이, 혁신금융서비스 '내 대출 한도' 오픈",20200629
48,"카카오페이지, 전면 개편…상장 앞두고 ‘몸값 높이기’",20200629
61,카카오페이로 대출 한도 비교한다,20200629
69,"카카오게임즈 ‘그랜드체이스’, ‘에우로파’ 업데이트 사전예약 진행",20200629
14,"[TF매매동향] 외국인, '카카오' 사고 'SK' 팔았다",20200629
46,"카카오페이, 혁신금융 '내 대출 한도' 서비스 개시",20200629
72,"인천시교육청 ""카카오톡으로 시민과 소통""",20200629
17,"카카오M-MBC, 디지털 콘텐츠 사업 ‘맞손’",20200630
12,"MBC의 '새로운 활로 찾기', 카카오M MOU 체결",20200630
21,"카카오·네이버에 이어…네이트, 연예 뉴스 댓글 서비스 종료",20200630
62,엔씨 시총 20조원대 진입ㆍ카카오게임즈 IPO 재도전,20200630
55,"카카오게임즈, 프린세스 커넥트 ‘리제로’와 콜라보…한정판 캐릭터 ‘렘’ 추가",20200630
36,[카카오 왕국] 잇단 M&A로 10년새 몸집 30배 ↑...성장 '진행형',20200630
15,"“댓글 다양성 높여 건강한 공론장 조성”...카카오, ‘추천댓글’ 신설",20200630
18,"카카오, 임의 순서로 댓글 노출하는 '추천댓글' 신설…""건강한 토론장 조성""",20200630
34,"[코로나19 극복] 카카오키즈, 7월 한 달간 모든 콘텐츠 첫 편 무료 제공",20200630
39,"다음·카카오톡 측, 뉴스 댓글 임의 순서로 볼 수 있다",20200630
68,"다음·카카오톡, 오늘 오후부터 뉴스 댓글 서비스 개편사항 적용",20200630
13,카카오페이·PASS앱 통한 이동전화 가입 가능해진다,20200630
19,"카카오 임의 순서로 댓글 노출하는 '추천댓글' 신설 ""댓글 다양성 높여 건강한 공론장 조성""",20200630
52,"[고성장 CEO 20] 여민수 카카오 공동대표, 카카오 3.0 시대 열며 매출 증가 본격 가속",20200630
51,"카카오키즈, 7월 한 달간 모든 콘텐츠 첫 편 무료 제공",20200630
74,"부산 보훈병원, 카카오톡 기반 언택트 복약관리 체계 마련",20200630
16,네이버·카카오 이어 네이트도 '연예뉴스 댓글 서비스' 없앤다,20200630
0,"MBC·카카오M, 디지털 콘텐츠 협력 양해각서 체결",20200630
43,"'내 대출 한도' 한 눈에…카카오페이, 서비스 오픈",20200630
78,"대세로 떠오른 웹소설 시장...네이버, 카카오에 도전장",20200630
11,"길어지는 코로나 육아, 카카오키즈 결단 눈길",20200630
90,"인천시교육청, 카카오톡으로 시민과 소통한다",20200630
28,"카카오M, MBC와 디지털·글로벌향 콘텐츠IP(지적재산) 사업 MOU",20200630
58,"[카카오톡 활용하기] 카톡에 이런 기능이? 검색까지 한방에, '#탭' 활용법",20200630
9,"카카오, 임의 순서로 댓글 노출하는 ‘추천댓글’ 신설",20200630
84,"카카오 클레이튼, 파트너 보상 프로그램 시행...1차 대상자는 오지스",20200630
8,"네이트, 카카오 다음·네이버 이어 연예뉴스 댓글 없앤다 “역기능 우려 반영”(종합)",20200630
7,SNS 마켓 소비자 3분의 1 '쇼핑 피해'…카카오 관련 신고가 최대,20200630
25,"카카오키즈 ""7월 한 달간 모든 콘텐츠 '첫 편' 무료 제공""",20200630
6,MBC·카카오M 업무협약…디지털콘텐츠 IP사업 MOU 체결,20200630
26,"카카오, 이제 '베댓' 대신 '추댓'…추천 일정 수 넘으면 랜덤 노출",20200630
5,"네이버-카카오, 2분기 '언택트' 효과 보나",20200630
1,"카카오,추천댓글 신설…댓글 다양성 높인다",20200630
24,"카카오게임즈 '프린세스 커넥트!', 'Re:제로' 콜라보 이벤트 연다",20200630
2,"카카오, 임의 순서로 댓글 노출 ‘추천댓글’ 신설",20200630
3,카카오發 '선한 영향력' 통했다…하나둘씩 사라지는 '연예 댓글',20200630
10,"카카오, 댓글 2차 개편...댓글 다양성 늘리는 '추천댓글' 정렬 신설",20200630
23,"네이버통장 vs 카카오뱅크, 내게 맞는 통장은?",20200630
93,IPO 앞둔 카카오게임즈가 내세운 하반기 라인업,20200630
4,"카카오키즈, 7월 모든 콘텐츠 첫 편 무료 제공",20200630
99,"GS칼텍스, 카카오모빌리티와 전기자전거 서비스 협력",20200721
63,"개미들, 네이버·카카오 한 달 새 1兆 샀다",20200722
90,"카카오게임즈, 코스닥 상장 예비심사 승인",20200723
67,카카오택시에 앱미터기 도입한다,20200724
69,"카카오게임즈, 모바일 RPG ‘가디언 테일즈’ 글로벌 출시",20200724
88,"카카오T블루, 앱 미터기 도입…""중형택시 최초""",20200724
60,"카카오 택시, 앱 미터기로 요금 산정한다…중형택시 최초",20200724
66,"안드로이드오토, 이제 카카오내비 대신 T맵 쓴다",20200726
30,"네이버·카카오, 30만원까지는 '외상거래'",20200726
58,카카오도 광고 대폭 늘린다…'모바일 다음' 등에 대거 삽입,20200726
50,진짜 ‘네이버·카카오 계좌’가 온다,20200726
57,"김요한X소주연X여회현, 카카오M '아름다웠던 우리에게' 출연 확정 [공식]",20200727
47,카카오의 실수? 선물?… “2000원 상품권이 공짜” 화제,20200727
68,"AMD, 한국 소비자와 소통 강화...카카오톡 플러스 친구 오픈",20200727
62,"'라이언' 등 카카오 캐릭터 사업, 카카오커머스가 맡는다",20200727
96,네이버·카카오페이도 30만원까지 후불결제 된다,20200727
94,"김요한×소주연×여회현, 카카오 M ‘아름다웠던 우리에게’ 출연 [공식]",20200727
82,"네이버·카카오, 예금·대출 빼고 다 된다…후불결제도 가능",20200727
53,'역차별' 논란에…금융당국 '네이버·카카오' 규제 만지작,20200727
55,"메이슨·션이 말하는 카카오, 앞으로 10년은?",20200727
85,[고양소식] 고양 캐릭터 이모티콘 카카오톡 무료 배포 등,20200727
40,"카카오 ""기술·플랫폼 활용해 언택트 상황 포용할 수 있게 해야""",20200727
87,"케이뱅크, 카카오 못한 '100% 비대면' 주담대로 승부수",20200727
93,"타다, '가맹택시'로 연내 부활…카카오·마카롱 등 업계 긴장",20200728
79,[인사이드 스토리]삼성보다 더 무서운 네이버·카카오,20200728
72,"[기고] 챗봇 시장 활성화 먼저, 카카오 유료화는 그 후에",20200728
42,"카카오 에듀테크사 야나두, 목표 달성 돕는 플랫폼 ‘유캔두’ 출시",20200728
54,카카오게임즈 ‘엘리온’ 사전체험 성황…참가자 96% “정식 서비스도 즐긴다”,20200729
56,"멜론, 카카오톡 프로필 연동 이벤트 진행",20200729
91,"강철비2 웹툰, 카카오페이지 퀴즈 등장 ‘문제와 정답은?’",20200729
28,"LG유플러스, U+카카오내비에 AR길안내 도입",20200729
24,"U+카카오내비, AR길안내로 경로 이탈 없이 주행 가능",20200729
78,"카카오M ‘원더케이’, 레드닷 디자인 어워드 본상 수상",20200729
89,카카오게임즈의 효자 '가디언 테일즈' 글로벌 그랜드 출시,20200729
23,"카카오 ""부동산 관심, 여성은 '매매' 남성은 '대출'""",20200729
83,[발칙한 금융]간담회서 카카오·토스까지 거론한 네이버의 자신감,20200729
18,"'네이버·카카오 한번 붙어보자' 저축은행, 16% 중금리대출 늘린다",20200729
84,"상장 앞둔 카카오게임즈, 신작 ‘가디언테일즈’로 신바람",20200729
10,"데이터 공개 나선 카카오, '카카오데이터트렌드' 오픈",20200729
35,'고요한 M' SKT의 방식은 카카오와 닮은 듯 다르다,20200729
36,"서울사이버대, 카카오톡 온라인 입학설명회 진행",20200729
95,"뚜레쥬르, '언택트선물족' 겨냥 카카오톡 한정판 케이크 출시",20200729
97,"카카오게임즈, 2020년 하반기 모바일 RPG ‘가디언 테일즈’, 글로벌 그랜드 출시",20200729
98,"LG유플러스, U+카카오내비에 AR 길안내 기능 적용",20200729
26,"카카오게임즈, 모바일RPG '가디언 테일즈' 글로벌 출시",20200729
46,[신상품] 뚜레쥬르 '카카오 골드 레이어' 배스킨라빈스 '보라보라' 외,20200729
43,"뚜레쥬르, 카카오톡 전용 한정판 케이크 출시",20200729
73,"쿠팡이츠와 네이버·카카오까지, 배달대행 시장에 '공룡'들이 몰려온다",20200730
31,"네이버‧카카오, 보험부터 대출까지 금융진출 잰걸음",20200730
33,"카카오게임즈 가디언 테일즈, 국내 출시 후 첫 업데이트 공개",20200730
37,"[포스트 코로나 새판 짜는 기업]카카오, e커머스·웹툰 양날개로 급성장...클라우드 등 B2B시장도 정조준",20200730
27,"카카오게임즈, ‘테라 클래식’에 신규 펫 ‘야미곤’ 추가",20200730
25,"중구, 카카오톡으로 지방세 실시간 상담",20200730
22,대한민국은 카카오제국 | ‘라이언’ 뜨면 비즈니스 ‘술술’ 무한 영토 확장…계열사 97곳,20200730
59,"카카오게임즈, 모바일 MMORPG '테라 클래식' 전설 등급 신규 '펫' 공개",20200730
45,"AMD 코리아, 카카오톡 플러스 친구 오픈 기념 이벤트 진행",20200730
21,빅데이터가 돈…카카오데이터트렌드 VS 네이버 데이터랩,20200730
17,"다음 타깃은 카카오?...택시업계, 타다에 ‘러브콜’",20200730
49,"구미시, 8월부터 불법주정차 단속과태료 '카카오 알림톡' 통보",20200730
76,"카카오게임즈, 프린세스 커넥트 한정판 캐릭터 ‘스즈나(여름)’ 적용",20200730
92,"카카오게임즈, 모바일 MMORPG ‘테라 클래식’ 전설 등급 신규 ‘펫’ 공개",20200730
86,네이버카카오 후불결제 모델…카드 연체율의 3배 이상 고위험,20200730
65,카카오T 블루 '앱 미터기' 도입…중형 택시로는 국내 최초,20200730
81,“더 높은 곳을 향해”… 카카오게임즈 증시 입성 ‘속도’,20200730
77,"U+카카오내비, ‘AR길안내’ 도입…실시간 도로 영상에 안내표시",20200730
0,마스코트들이 펼치는 서바이벌…카카오M '내 꿈은 라이언',20200731
75,"카카오M ‘연애혁명’ 박지훈, 촬영 현장 스틸컷..공주영 역과 완벽 싱크로율",20200731
11,"서울고검, 독직폭행 진정인 한동훈 검사장 조사···수사팀, 한동훈 카카오톡 접속 시도",20200731
9,“생큐 언택트”… 네이버·카카오 ‘역대급 성적’,20200731
80,[더벨]카카오보다 더 뭇매 맞는 네이버,20200731
20,"카카오, 빅데이터 조회 서비스 ‘카카오데이터트렌드’ 오픈",20200731
29,"[특징주] 카카오·NAVER, 외국인 매수에 강세",20200731
74,"굿네이버스 충북본부, 카카오미니C 블루투스 스피커 전달",20200731
32,"용인시, 종량제봉투 판매소 위치 검색 '카카오톡 채널' 운영",20200731
70,칠서(양평방향)휴게소 ‘카카오톡 플러스친구 채널’ 개설,20200731
38,"2020년 상반기, 카카오·유튜브 최고의 순간은?… 네이버 검색어 분석 결과",20200731
39,“블랙핑크가 카톡 프로필에 쏙~”···멜론×카카오톡 프로필 이벤트 실시,20200731
41,"[코로나, 스마트시대 앞당겼다] 전산업 영역에 AI 이식하는 카카오엔터프라이즈",20200731
44,"지닥, 카카오 클레이(KLAY) 보유만 해도 자동 연 6% 리워드 받는다",20200731
48,"[더벨]신금투PE, 카카오 합작 헬스케어 업체 투자 추진",20200731
51,단돈 500원에 보는 명필름 명작...8월26일까지 카카오페이지 등 5개 플랫폼에서,20200731
19,"카카오가 쌓은 빅데이터, 이용자도 분석해볼 수 있다",20200731
1,"[단독]카카오, 경기 안산에 '자체 데이터센터' 짓는다",20200731
4,"카카오뱅크, 8월부터 '캐시백 프로모션 시즌7' 돌입",20200731
2,카카오페이지 웹툰 '나혼자만 레벨업' 시즌2 연재 시작,20200731
13,개인·외국인 매수세…네이버·카카오 강세,20200731
6,카카오 VX ‘프렌즈 스크린’ 한남점 오픈,20200731
7,카카오·마카롱·타다에 우버까지? 가맹택시 큰 장 열렸다(종합),20200731
8,"""실적 계속 좋다"" 네이버·카카오 함께 사 모으는 외국인",20200731
16,"가맹 택시 시동 거는 타다, 카카오모빌리티와 다시 맹주 다툼",20200731
52,페북·아마존 '깜짝실적'에 네이버·카카오도 2%↑,20200731
12,"카카오뱅크, 8월부터 '캐시백 프로모션 시즌7' 돌입",20200731
5,카카오 클레이 맡기고 연 18% 높은 보상 받는다,20200731
15,"""네이버·카카오, 세상을 바꿀 종목…PER로 과열판단 못해 """,20200731
48,"갑질논란 휩싸인 카카오, 스타트업과 신규 사업 분쟁",20200824
87,新한류 '웹툰' 작년 1조원 수출…네이버·카카오 주도,20200824
94,"카카오게임즈 ""공모자금으로 개발사 M&A""",20200824
66,"""에코프로, 자회사 배터리 재활용 사업 주목"" - 카카오페이증권",20200824
43,"코스피 시총 상위 10종목 주가 초반 혼조, 현대차 카카오 대폭 올라 ",20200824
64,"'카카오TV모닝' 첫 게스트 박보영 ""'펭수' 직속 선배다""",20200825
29,카카오게임즈 청약 준비?…예탁금 사상 첫 54조원 돌파,20200826
96,"카카오게임즈, 공모가 2.4만원 확정…기관 청약경쟁률 1478대 1 `사상 최고`",20200826
82,"IPO 앞둔 카카오게임즈, 가장 큰 경쟁력은?",20200826
97,"[비즈] 카카오게임즈, IPO 수요예측 1479대1로 국내 최고",20200826
90,"네이버·카카오·토스, 간편결제 패권전쟁 ‘활활’",20200826
39,"""하반기 게임산업 주목…카카오게임즈 공모가 웃돌 것""",20200826
61,"카카오, 카카오게임즈 상장 앞두고 신고가 경신",20200826
60,"[STOCK] 카카오, 신사업 매출 상승 구간 진입… 목표가 '유지'",20200826
68,코로나에 네이버·카카오 웃었다…최고가 또 경신,20200826
91,SK바이오팜 돌풍이을까...‘카카오게임즈’ 오늘부터 이틀간 수요예측,20200826
74,"""따상 가자"" 카카오게임즈·빅히트…하반기 IPO '앗 뜨거'",20200827
63,[특징주] '비대면 대장주' 카카오 장중 40만원 첫 돌파,20200827
50,[특징주] 카카오 장중 40만원 첫 돌파,20200827
69,"세종대, TPDM 트랙 설명회·구글&카카오 특강 전개",20200827
34,"유진로봇, 카카오프렌즈 콜라보 '아이클레보 라이언 로봇청소기' 와디즈 단독 출시",20200827
76,"액토즈소프트 주가 장중 급등, 카카오게임즈 지분투자 부각",20200827
81,"이효리 ""카카오톡 없어, 단체로 이야기하면 싸운다""",20200827
62,"카카오게임즈 상장 후 큰 그림? ""M&A 나설 것""",20200827
80,카카오 이어 네이버·네이트도 오늘부로 스포츠 뉴스 댓글 서비스 중단,20200827
58,"9월 카카오게임즈 온다, 총알 준비됐나",20200827
83,"“아름다운 남자, 시벨롬...” 카카오M, 표절 논란 없앨 깜짝 놀랄만한 결정 내렸다",20200828
51,"카카오프렌즈, 대만매장 오픈 5일만에 1만명 방문",20200828
40,"[단독] “우린 사용자 아니다”…카카오, 대리노조 교섭 거부",20200828
70,"유희열, '카카오TV 모닝-밤을 걷는 밤' 진행...감성 힐링 선사 [공식]",20200828
47,"카카오, 2021 신입 개발자 뽑는다",20200828
89,"박보영, '카카오TV 모닝' 첫 게스트…""내가 펭수 직속 선배""",20200828
37,"이경규~이효리~김구라, 다음달 카카오TV 뜬다",20200828
57,"카카오M 오리지널 콘텐츠 7편·카카오TV, 내달 1일 베일 벗는다",20200829
88,"[STOCK] '언택트 대장주' 카카오, 40만원 첫 돌파… 연일 신고가",20200829
31,"""상장 전에 잡자"" 장외시장 뜨겁다…카카오게임즈·빅히트는 얼마?",20200830
85,"[이번주 증시 캘린더]하반기 IPO 대어 카카오게임즈, 공모주 청약",20200830
54,"양요섭, 전역 후 카카오M '뮤톡 라이브' MC로 컴백",20200830
79,잘나가는 언택트사…네이버·카카오·라인 하반기 신입개발자 대거 채용,20200830
59,"다들 싸다는 카카오게임즈..""무조건 풀베팅"" 호평 일색",20200830
72,"카카오 주가 상승세 지속, 카카오게임즈 상장 흥행 기대받아",20200831
84,"[라이벌 열전] ‘빅테크’ 네이버·카카오, 보험시장서 한판",20200831
77,카카오게임즈·피앤케이 이번주 공모주 청약,20200831
67,카드번호·유효기간 지우고 멤버십 기능 추가한 '카카오페이카드2' 출시,20200831
2,"카카오게임즈, 수요예측 1479대1 신기록...공모주 '대박' 조짐",20200831
75,41만원도 넘겼다... 코로나에 카카오ㆍ네이버만 웃는다,20200831
26,"[뉴페이스, 뉴콘텐츠] ② 9월 카카오M 예능·드라마 쏟아진다",20200831
20,카카오게임즈 청약 '총알' 준비됐다…CMA 잔고 60조원 돌파,20200831
23,"카카오M의 야망, 콘텐츠 공룡이 온다[TV와치]",20200831
46,"'음란물 차단 미흡' 이석우 카카오 전 대표, 2심도 무죄",20200831
19,코로나 이긴 '카카오게임즈'...계좌개설 2배 급증,20200831
92,"‘장외’선 6만원인데…카카오게임즈, 증권가 목표주가 ‘3만원’ 왜?",20200831
0,넷플릭스 주도 국내 OTT판 흔들까… 카카오TV 나온다,20200831
3,SK바이오팜 다음 타자는 카카오게임즈…청약 새역사 쓰나,20200831
4,"카카오-삼성전자-그라운드X, 제주 블록체인 해커톤 개최",20200831
5,"""카카오, 디지털 금융업 주도 기대…목표가↑"" [IBK투자증권]",20200831
6,[특징주]카카오게임즈 청약 앞둔 ‘카카오’... 52주 신고가,20200831
7,카카오게임즈에 뭉칫돈 몰린다…경쟁률 1479대1 '역대급',20200831
8,"카카오게임즈, 공모가 2만4천원 결정…""수요예측 경쟁률 사상 최고""",20200831
9,"카카오게임즈 청약, 1억 넣고 치킨파티냐 호텔뷔페냐",20200831
11,새 OTT 플랫폼 카카오TV 9월 1일 론칭,20200831
12,"카카오게임즈, 3N 잡고 글로벌게임사 도약 '청신호'",20200831
13,"[시그널] 1,479대1 新바람...카카오게임즈도 '따상'찍나",20200831
15,"코스피, 기관 매수에 1%대 강세…카카오 '신고가'",20200831
16,"카카오게임즈 청약, 1억 넣고 치킨파티냐 호텔뷔페냐",20200831
17,카카오톡 선물하기서 많이 팔리는 상품 2위 치킨…1위는?,20200831
18,"카카오게임즈, `프린세스 커넥트` 신규 한정판 캐릭터 추가",20200831
56,"[주간HOT종목] 카카오, 3거래일 연속 신고가 경신",20200831
73,"코로나 재확산에 비대면株 카카오, 사상 첫 40만원 돌파",20200831
55,"넷마블 주가 장중 대폭 올라, 지분투자한 카카오게임즈 상장 흥행 기대",20200831
25,"[빅데이터MSI]시장심리 톱5, 삼성전자·SK텔레콤·네이버·LG전자·카카오",20200831
98,"세종대, TPDM 트랙 설명회‧구글&카카오 특강 성료",20200831
45,카카오 ‘톡딜’ 괄목 성장… ‘스포츠 의류’ 네 번째로 많이 팔린다,20200831
44,카카오tv 드라마 <아만자> 9월 1일 첫 방송 | 웹툰 원작자 김보통은 누구?,20200831
41,"카카오TV·티빙 등 토종 OTT, 넷플릭스와 '한판 승부'",20200831
36,"카카오, 개인정보 처리 위탁사 홍콩→싱가포르 변경",20200831
33,카카오 사상 첫 40만원 돌파…시총 현대차 제쳐,20200831
38,"취업 가뭄이라는데... 네이버,카카오 100~200명 뽑는다",20200831
28,카카오T 전기자전거 서울 송파구 서비스 시작,20200831
27,"카카오, '숏폼 영상'으로 광고주 유혹…카카오TV에 '스킵형' 광고 적용",20200831
99,"카카오게임즈, 상장 본격화…""공모가 낮다? 시장판단에 맡겨""",20200831
22,"강남구청, 카카오톡 통해 축제 및 문화행사 등 구정 안내",20200831
24,"[특징주] 넷마블, 카카오게임즈 지분 보유 소식에 8.52%↑",20200831
30,[그래픽] 카카오게임즈 공모주 청약 개요,20200831
52,"안양시, 카카오톡 도서관 정보 및 대여 서비스 제공",20200831
71,손 안에 ‘미니링크’에서 '카카오 AI' 이용한다,20200921
98,"""카카오톡 대화 내용도 증거""…정준영 징역 5년·최종훈 2년6월 확정",20200924
66,[특징주] 10거래일 연속 하락 카카오게임즈 9.77% 상승 마감,20200924
47,[리뷰] 카카오 스마트스피커를 목에 걸고 다녀야 하는 이유,20200924
59,카카오T 블루 ‘앱 자동결제’ 만족스럽다,20200924
81,"코스피 시총 상위 10개 종목 초반 상승 많아, 네이버 카카오는 하락",20200925
38,‘카카오T블루 콜 몰아주기’ 두고 이재명-카카오 충돌,20200925
56,"카카오 ""카카오 T 호출 감소, T 블루 몰아주기 단정은 왜곡""",20200925
86,"""랜선귀성이 대세""…네이버·카카오 한가위 특수",20200925
89,"(주목받는 게임)카카오게임즈, 엘리온·오딘으로 MMORPG 투트랙 공세",20200925
97,제1회 카카오M 드라마 공모전 개최,20200925
96,"이진수 카카오페이지 대표, 文대통령에 ""한국이 웹툰 주도권 가져야""",20200925
83,"빅히트, 네이버·카카오와 경쟁?… 방시혁 허풍일까 태풍일까",20200925
92,"카카오게임즈, 10거래일만에 상승",20200925
50,화제의 '가짜사나이' 시즌2 카카오TV서 본다,20200925
57,"누메루노, 카카오헤어샵 ‘탈모특집 기획전’ 참여",20200926
68,"투썸플레이스, 카카오TV 드라마 ‘연애혁명’ 제작 지원",20200927
44,네이버·카카오 QR체크인...28일부터 개인정보 동의 1회만 하면 OK,20200927
45,카카오게임즈 상장ㆍPC방 한숨 돌려,20200927
94,"토스ㆍ카카오페이, 고객 선불충전금 함부로 못쓴다",20200927
27,"카카오 배틀그라운드, 톡채널 이벤트 실시",20200927
23,"구글 ""네이버·카카오 만화, 구글 아니면 어려웠을 것""",20200927
55,"""카카오뱅크 너마저""…신용대출 '금리 인상' 시작됐다",20200927
53,"[이슈IN] ‘택시 콜 몰아주기’ 의혹 정면반박한 카카오, 근거는?",20200927
22,네이버·카카오 전자출입명부 간소화…개인 정보 동의 한번만,20200928
76,"카카오게임즈, '가디언 테일즈' 대규모 업데이트…추석 이벤트 실시",20200928
77,"카페 드롭탑, 카카오페이와 추석 선물세트 20% 할인",20200928
72,"신일전자, '웨디' 카카오톡 이모티콘 무료 출시",20200928
74,타다도 카카오처럼... 가맹택시 서비스 본격 개시,20200928
61,[지도 앱 활용하기] 3부: '뚜벅이'를 위한 카카오 맵 활용하기,20200928
30,"카카오, 서울 이어 경기도서 대형 택시 추진",20200928
62,"네이버·카카오, 다중이용시설 OR체크인 간소화",20200928
37,"카카오게임즈, 모바일 MMORPG '오딘: 발할라 라이징' BI 공개",20200928
25,카카오페이‧야놀자‧크래프톤 IPO 속도전,20200928
14,"카카오, 11월 1일까지 ‘제8회 브런치북 출판 프로젝트’ 접수",20200928
85,카카오게임즈 등 45개사 10월 중 의무보유 해제,20200928
78,"[인터뷰①] 오윤환 카카오TV 제작총괄 ""첫술에 배부를 수 없어""",20200928
93,[이데일리N] 기관 공매도 상위종목 삼성전자·씨젠·카카오·셀트리온 순 外,20200928
3,"'연애혁명' 박지훈부터 '아만자' 지수까지, 카카오TV 추석 인사 총출동",20200928
26,네이버·카카오 QR체크인 간소화…개인정보 동의 '1회'로(종합),20200928
31,"대우건설, '푸르지오' 카카오톡 챗봇 오픈",20200928
99,"라인·카카오, 서로 다른 블록체인 전략",20200928
65,"이동통신 판매점들 ""이통사, 쿠팡·카카오 대리점 계약 철회하라""",20200928
52,"타다, 혁신 막히자 안전한 '제2의 카카오모빌리티' 노리나",20200928
51,추미애 장관-전 보좌관 카카오톡 대화…‘예외적 상황’은?,20200928
58,"제1회 카카오엠 드라마 공모전…""25분 내외 미드폼""",20200928
91,"대우건설 푸르지오, 카카오톡 챗봇 서비스 오픈",20200928
70,"캠코, 다음달 12일부터 카카오TV 통해 온라인 공매 아카데미 개최",20200929
11,"네이버·카카오 등 인기협 “구글의 앱 수수료 정책, 즉각 중단하라”",20200929
60,'카카오 공화국' 전성기 주역…여민수·조수용 공동대표,20200929
49,"카카오게임즈, 가디언테일즈 업데이트 · 이벤트 실시",20200929
69,카카오뱅크 IPO 한다… 23일 이사회 결의,20200929
34,"[단독] ""라전무 中서 키우자""…카카오IX, 알리바바와 손잡았다",20200929
87,"카카오게임즈, 프린세스 커넥트 ‘프린세스 페스’ 및 캐릭터 ‘네네카’ 추가",20200929
73,‘제1회 카카오M 드라마 공모전’ 개최,20200929
82,"노웅래 ""네이버·카카오 간편결제, 신용카드보다 1%이상 수수료 더 받아""",20200929
75,상승 탄력 줄어든 국내 증시…2차전지 관련주·카카오게임즈 상승세,20200929
12,"카카오게임즈, 장중 15% 급등…코스닥 시총 5위 회복",20200929
67,"경기도, 법정민원 카카오 알림톡 서비스 시행",20200929
13,"카카오 T 주차, AI 기반 ‘주차장 만차 예측 정보’ 서비스 도입",20200929
15,내달 카카오게임즈 등 45개사 주식 '의무보유' 풀린다,20200929
7,"카카오커머스, 10월4일까지 추석선물 기획전",20200929
5,"구글 ""네이버·카카오도 구글 아니면 글로벌 진출 어려웠을 것""",20200929
39,"""네이버 이해진·카카오 김범수 국감 출석해라""…野의원 '영상편지'",20200929
40,"카카오게임즈, 모바일 RPG ‘그랜드체이스’에 신규 SS 영웅 ‘티아’ 추가",20200929
42,"우주소녀 쪼꼬미, 카카오TV '컴백쇼 뮤톡 라이브'서 최초 무대 공개",20200929
1,"카카오 야나두, 홈트레이닝 시장 진출…'야핏 사이클' 출시",20200929
48,"카카오 브런치, ‘제8회 브런치북 출판 프로젝트’ 진행",20200929
8,카카오 자회사 줄줄이 상장…흥행 대박 이어갈까,20200929
9,"상장 속도내는 카카오패밀리, 카뱅보다 '페이' 먼저",20200929
33,"카카오게임즈, ‘테라 클래식’ 던전 확장 업데이트 실시",20200929
32,카카오·배민 등 거대 플랫폼 '갑질' 규제 강화,20200929
29,"카카오게임즈, ‘달빛조각사’ 서비스 1주년 온라인 간담회 개최",20200929
6,"내년 1월 연말정산은 패스·카카오 인증으로…""사설인증 주도 기대""",20200929
24,"""사랑스러움 레벨업""…카카오IX, '러블리 어피치' 출시",20200929
17,"'폭발하는 카카오!' 슈퍼매시브, 초반부터 압도…'1세트 승리' [롤드컵]",20200929
63,"넥슨, 모바일 게임 대상 카카오페이 결제 이벤트 실시",20200929
19,"카카오커머스, 10월4일까지 추석선물 기획전",20200929
28,빅히트·카카오페이 사면 대박?…그런데 말입니다,20200929
95,[전문가칼럼]카카오톡으로 받은 해고 통지 효력이 있을까?,20200930
18,"카카오 가족 된 야나두, 이제 인생의 성공 파트너로",20200930
10,'떨어지면 산다' 네이버·카카오 담은 동학개미…外人 반도체 '베팅',20200930
4,"구글 ""보안 강화""라지만… 네이버·카카오 타격 불가피, 마켓컬리·쿠팡은 영향 없을듯",20200930
20,"경기도주식회사, 카카오 쇼핑하기 통해 ‘프리케어 에어핏KF-94 마스크’ 특가 판매",20200930
35,"""추석 선물 잊었다면 카카오톡 선물하기로""",20200930
36,[추석X게임] 카카오게임즈 ‘프린세스 커넥트’ 강화,20200930
46,"""카카오T 배차 몰아주기 의혹은 사실""…운행 전 대비 배차콜 29% 감소",20200930
90,카카오게임즈 '달빛조각사' 서비스 1주년 기념 온라인 간담회 진행,20200930
0,"'카카오' 이름 단 자회사, 인기 폭발…""우리사주 받자""",20200930
16,"네이버-카카오, '언택트 추석' 넷심 잡기 총력",20200930
41,[D기획┃카카오TV 등장①]넷플릭스·유튜브·웨이브와 경쟁 아니다?,20200930
77,"카카오, '한국IR대상' 유가증권시장 부문 우수상",20201021
62,"카카오, 3395억 규모 해외 교환사채 발행... ""M&A 재원 마련 목적""",20201021
69,"카카오, 3억 달러 확보 “M&A 속도낸다”",20201022
90,"“비대면 결제, 카카오페이” 브랜드 캠페인 강화",20201023
31,"포털 다음, 모바일·PC에서 접속 오류…카카오 ""확인 중""",20201023
59,"카카오뱅크, 7500억 원 규모 보통주 유상증자 결의",20201023
75,"카카오게임즈, 지스타 2020 참가 확정",20201026
19,"카카오커머스, 카카오페이지 IP 굿즈 판다",20201026
84,"카카오게임즈·크래프톤, 우정의 콜라보...초대박 IPO 릴레이 이어갈까",20201026
52,"카카오 그라운드X, `클립` 연동 API 출시...""디지털 자산 진입 문턱 낮춰""",20201026
50,31일 ‘24초 영화제’ 카카오TV CGV소풍 동시 개최,20201026
74,"카카오게임즈, 지스타 2020 참가 확정",20201026
20,"""속삭여도 OK""...카카오, 새 스마트스피커 미니헥사 출시",20201026
80,'빅테크' 네이버·카카오도 금융상품 중개하면 금소법 적용(종합),20201027
33,"카카오뱅크 7500억 유상증자 단행… 美사모펀드 TPG, 2500억 투자",20201027
98,"카카오M 레이블 플렉스엠, '라바' 제작사 투바앤과 음악 콘텐츠 업무협약",20201027
76,"카카오, 1%대 상승…4거래일 만에 반등",20201027
9,'알리페이' 앤트 IPO에 3200兆…카카오게임즈의 55배,20201027
70,"'배그 신화' 크래프톤, 카카오게임즈와 'IPO' 바통 터치(상보)",20201027
60,"포털 양강 OTT 맞붙는다…카카오TV에 놀란 네이버, '티빙 진영' 가세",20201027
48,"카카오페이지, ‘라이언, 더 라이언’ 웹툰 연재",20201027
11,"“카카오, 일상을 바꾸다”…11월 대형 컨퍼런스",20201027
66,"아이센텀동물메디컬센터, 카카오 채널 오픈…1:1 반려동물 건강상담 서비스 개시",20201027
93,"여민수 카카오 대표 스톡옵션으로 39억 벌어...남은 8만5,000주는?",20201027
67,고 이건희 회장 빈소 조문 마친 김범수 카카오 이사회 의장,20201027
99,"카카오게임즈, 모바일 게임 6종서 핼러윈 이벤트 진행",20201028
40,"[Mint] 누가 공지 안봤는지 뜬다, 한국형 업무 톡 ‘카카오워크’",20201028
82,"[금융뒷담] IPO 앞둔 카카오뱅크, 몸값 벌써 9조원",20201028
26,"카카오, 12월 '언택트' 음악 축제 연다",20201028
29,"위힐드, 카카오벤처스, 삼성벤처투자로부터 시리즈 A 투자유치",20201028
94,"[Pangyo Technovalley, Innovation hub in ASIA] 카카오엔터프라이즈, 스마트스피커 '미니 헥사' 출시... 여섯개의 귀가 달린 카카오의 4번째 스마트 디바이스",20201028
81,"카카오엔터프라이즈, 스마트스피커 ‘미니 헥사’ 출시",20201028
71,"오지스, 자체 스테이킹 서비스 `클레이스테이션`에 카카오 클립 연동",20201028
87,“주린이 모십니다”...카카오페이증권 VS 토스증권 간편투자 승자는,20201028
38,직장인 절반이 ‘동학개미’…최다 투자 삼성·카카오·현대차,20201028
44,벌써 5배 벌었다... 카카오뱅크에 투자한 금융사들 '방긋',20201028
46,"카카오게임즈, PC MMORPG `엘리온` 12월10일 공개",20201028
54,"대전이즈유 카카오톡 이모티콘, 1시간만에 완판",20201028
65,"비대면 온라인 쇼핑 열기…네이버·카카오, 3분기 매출 2조·1조 고지 오르나",20201028
73,"카카오 김범수 ""삼성에서 배운 것, 네이버·카카오로 이어져""",20201028
61,카카오게임즈·크래프톤 ‘엘리온’ 12월 출시... '이용권 구매' 성공할까,20201028
51,"배틀그라운드로 끝나나… 엘리온 성공, 카카오게임즈·크래프톤 '절실'",20201028
43,9월 기업 직접 자금조달 17.3조원... 카카오게임즈 등 IPO 영향 커,20201028
39,"'웹툰강자' 카카오페이지, 케이더블유북스 341억원에 인수…""콘텐츠 강화""",20201028
55,"카카오게임즈, 상장 후 첫 신작 '엘리온' 12월 10일 출시",20201028
42,"카카오프렌즈, 2021년 다이어리 출시",20201028
53,"카카오커머스, 웹툰 ‘나 혼자만 레벨업’ 굿즈 출시",20201029
86,[특징주] 실적 기대 높아지는 네이버 카카오 ‘강세’,20201029
47,카카오게임즈 ‘프린세스커넥트’ 신규 캐릭터 할로윈 쿄우카 추가,20201029
78,"[판교 컨퍼런스] 카카오, 역대 최대 규모 'if(kakao)2020' 컨퍼런스 온라인으로 개최",20201029
24,3가지 키워드로 살펴본 카카오게임즈 ‘엘리온’,20201029
56,"천안, SNS 캐릭터 '호두과장'카카오톡 이모티콘 무료 배포",20201029
41,'비대면 대표주자' 네이버·카카오 3분기 실적 전망 '맑음',20201029
72,더존비즈온 상승했는데 카카오 또 하락...네이버는?,20201029
18,"이재석 PD, `편애중계`서 호흡맞춘 손수정·조주연 PD와 카카오M行",20201029
13,양성평등 우수 기업에 네이버·카카오·씨티은행 등 10곳,20201029
64,커피전문점 '더리터' 카카오톡 기프티콘 출시…38종 메뉴 선봬,20201029
89,"날개 단 네이버-카카오, 3분기 최대 실적 갈아치우나",20201029
91,"노드그린X카카오프렌즈, 차별화된 감성 제안 손목 시계 출시",20201029
15,"카카오게임즈 ‘달빛조각사’, 중화권 시장 진출",20201029
96,"구광모 ""첨단산업 일군 기업인""…김범수 ""삼성 키즈가 카카오 키웠다""",20201029
68,"네이버, 언택트 훈풍 사상 최대 분기 매출… 카카오도 대박",20201029
57,"카카오, MMA WEEK 신설하고 비대면 ‘멜론뮤직어워드 2020’ 개최",20201030
4,"카카오 그라운드X ""클레이튼 발전 기여한 개발자·기업에 클레이 지원""",20201030
3,쌍방울x카카오메이커스 브랜드 'SERIES S' 출시,20201030
49,"카카오 주가 상승 예상, ""모빌리티 성장 포함 신사업 수익성 좋아져""",20201030
36,"카카오커머스, 언택트 타고 '훨훨'…전망도 청신호",20201030
95,"KT 엔터프라이즈, 네이버·카카오와 'DX B2B' 경쟁 가열",20201030
79,카카오뱅크 7500억 실탄 보충…인뱅 대출 경쟁 불붙나,20201030
88,라이언·어피치·죠르디… 너무 귀여워 쓰기도 아까울 것 같은 카카오 다이어리,20201030
5,"카카오게임즈 엘리온, 온라인 쇼케이스 30일 오후 7시 개최",20201030
85,네이버·카카오 日 웹툰 1위 대전.. 라인망가 ‘연재형’으로 개편,20201030
6,"""혜민스님과 명상하자"" 명상앱 '코끼리' 카카오 스마트 스피커와 협업해 명상 콘텐츠 서비스",20201030
7,카카오 가맹택시에 유리한 알고리즘?,20201030
63,"카카오 연 맺은 '아만자', 다음웹툰 연재도 OK",20201030
25,"미스터블루, 카카오재팬과 신무협 웹툰 `무신전기`·`괴` 공급 계약",20201030
17,"""혜민스님과 명상하자"" 명상앱 '코끼리' 카카오 스마트 스피커와 협업해 명상 콘텐츠 서비스",20201030
35,"카카오게임즈, '달빛조각사' 중화권 시장 출시",20201030
16,카카오·네이버 다시 반등하나,20201030
14,"카카오톡 이모티콘, 정액제로 바뀐다",20201030
10,"카카오게임즈, 대작 PC MMORPG ‘엘리온’ 온라인 이용자 간담회 개최",20201030
8,"if 카카오 컨퍼런스, 다음달 25~27일 온라인 개최",20201030
34,[Who Is ?] 조수용 카카오 공동대표이사,20201030
21,"광양시, 올해의 SNS 카카오톡 부문 대상 수상",20201030
45,"[더벨]미래대우, IPO '왕의 귀환'?…최대 변수 '카카오'",20201030
27,"카카오페이지 등, 광주 콘텐츠 회사에 71억 투자",20201030
32,이비카드 '카카오 캐시비' 출시,20201030
1,"허경환 허닭, 카카오벤처스이어 IBK기업은행 투자… “누적 투자 45억원”",20201031
30,2021년 일상도 카카오프렌즈와 함께… 다이어리·캘린더 출시,20201031
12,네이버 카카오 더존비즈온 언제까지...인터넷 BIG3 모두 폭락,20201031
23,"광양시, ‘2020 올해의 SNS’ 카카오톡 부문 대상 수상",20201031
22,“카카오톡 이모티콘이 정액제로 바뀝니다”,20201031
0,"카카오 비즈보드, '올해의 브랜드' 선정",20201031
93,"카카오, 지갑 서비스 출시…구독 상품도 공개",20201118
95,카카오톡으로 진료비 결제…부산대병원 서비스 시작,20201118
85,"빈폴키즈, 2021 신학기 책가방 출시… 카카오프렌즈 협업",20201119
91,카카오 ‘지갑’ 만든다…편리한 ‘구독 플랫폼’으로 승부수,20201122
82,"위닉스x카카오, 공기청정기 필터 구독서비스 기념 할인이벤트",20201123
57,"삼성물산 패션부문 빈폴키즈, 카카오프렌즈와 2021년 책가방 출시",20201123
69,"카카오TV, ‘가짜사나이2‘ 단독 선공개 [공식]",20201123
42,"SK텔레콤 脫통신 승부수, 경쟁사는 이제 현대車 카카오 네이버",20201123
61,"카카오 AI 챗봇, 정부 디지털서비스 전문계약제도 심사 통과",20201123
73,"카카오, 文대통령 만나 ""AI로 구글·아마존 뛰어넘겠다""",20201124
45,“카카오톡 대화창에 'ㅎㅇㅌ' 입력하면 이런 화면이 뜨네요”,20201124
53,"서울시 한강공원 주차장, 카카오T 앱 사전결제로 2초면 출차",20201124
55,"카카오M 드라마, 카카오TV 후 넷플릭스 공개",20201124
68,"카카오헤어샵, 두피케어 브랜드 닥터포헤어 합병",20201124
26,‘억!’ 소리나는 카카오이모티콘…10억 이상 매출도 73개,20201124
97,"AI현장 찾은 文대통령 ""삼성전자·카카오·SKT 등 미래 밝다""",20201124
80,"카카오페이, 포인트 지급 '긁기훈련' 이벤트",20201124
76,"[더벨]카카오뱅크 몸값, 주관사 후보 제안 '20조 수렴'",20201124
19,네이버·카카오 계좌 열고 후불결제...대출 빼고 다 되는 ‘슈퍼 면허’ 나온다,20201125
99,"네이버·카카오, 구글 작심 비판…""결제수단 강제 안 돼""",20201125
74,AI 국가전략 1년…SKT·KT·네이버·카카오·삼성 'AI 어벤저스' 총출동,20201125
17,네이버 카카오 '급락'...더존비즈온 '훨훨',20201125
84,"카카오, 상품 구독 서비스 시작…""카톡 채널서 김치냉장고 렌탈하세요""",20201125
62,"10대를 위한 '카카오뱅크 미니', 한 달 만에 가입자 50만명",20201125
51,"""청소년 5명 중 1명 '카카오뱅크 미니' 쓴다"" 50만 명 가입",20201125
96,"카카오도 국토부도 들어오라던 與, 윤석열엔 ""누구 멋대로""",20201125
59,코로나 확진자 500명 돌파에 네이버·카카오 강세,20201125
75,"카카오 모빌리티, 자율주행차 나온다고?",20201125
48,"네이버·카카오, 대비되는 성장전략…이해진 '안전형' vs 김범수 '공격형'",20201125
65,"KT, 네이버, NHN 이어 카카오까지 도전장 낸 곳은?",20201125
32,SKT 분사 '티맵모빌리티' 다음달 출범…카카오와 진검승부,20201126
43,"[김재용 카카오재팬 대표] 카카오, ‘만화 천국’ 일본을 삼키다",20201126
71,네이버+카카오+쿠팡+배민 합쳐놓은 플랫폼株가 있다고?,20201126
87,직원 1만명 카카오도 고민,20201126
98,국내 1등 카카오톡 해외선 지지부진… 고속성장 '디지털 만화'로 새 길 개척,20201126
89,"카카오벤처스, AI반도체기업 리벨리온 20억 투자",20201126
72,"카카오메이커스, 쌍방울 `보온메리`가 홈웨어로 변신",20201126
36,연락처 몰라도 '카카오톡 선물하기' 가능해진다,20201126
37,네이버·카카오 계좌개설 가능…전금법 개정 돌입,20201126
83,카카오모빌리티 성실교섭 촉구 기자회견,20201127
13,‘콘텐트 왕국’ 꿈꾸는 카카오의 진격,20201127
25,"카카오게임즈, 카카오VX에 500억 출자…왜?",20201127
52,너무 떨어졌나···네이버 카카오 반격 시도,20201127
86,"카카오쇼핑라이브, 누적 시청 횟수 1000만회 돌파",20201127
47,"VIP 만난 네이버·카카오, “AI로 글로벌 공략”",20201127
64,"카카오게임즈, 계열사 카카오vx에 500억원 출자",20201128
78,카카오 음원사이트 멜론에는 'K팝이 없다'…BTS·블랙핑크·세븐틴 'J팝 가수 둔갑' 논란,20201128
30,"카카오프렌즈, 홍대 팩토리 스토어 오픈…최대 70% 할인",20201128
33,"IPO 주관사 선정 임박한 카카오뱅크, 적정 몸값은",20201129
11,"존리 ""하루만 읽으면 평생""...'구해줘 카카오프렌즈 경제 1'",20201129
28,"카카오 라이언 상무, PC 게임 ‘엘리온’에 등장",20201129
49,"카카오커머스 ""카카오톡 선물하기로 비대면 응원""",20201129
67,모빌리티에 힘주는 네이버·카카오,20201129
22,"카카오프렌즈, 홍대 팩토리 스토어 오픈",20201129
38,"카카오모빌리티, 내년 매출액 3725억원 전망",20201130
77,"카카오워크, ‘워크 스페이스 전환 - 모바일 화상회의 - 워라밸 강화’ 기능 업데이트",20201130
0,'카카오공동체'가 뭐길래? 카카오커머스 매출 급증,20201130
23,"카카오, 디지털 손보업 진출 '속도'…예비인가 사전작업 완료",20201130
7,‘콘텐트 왕국’ 꿈꾸는 카카오의 진격,20201130
27,"카카오 주가 상승 전망, “메신저 기반 광고와 상거래 매출 계속 증가”",20201130
60,카카오게임즈 신작 '엘리온' 게릴라 테스트 성황리 종료,20201130
58,발표하는 강성 카카오 엔터프라이즈 수석부사장,20201130
79,"영주시, 카카오톡 톡딜 이벤트…내달 9일까지 27개 상품",20201130
20,"""SKT·카카오 하는데 네이버는?""…모빌리티 전략 다른 이유",20201130
8,"카카오톡에서 '수능' 치면…""할 수 있다""",20201130
1,다음달 카카오게임즈 등 49개사 3억2300만주 의무보유 물량 해제,20201130
2,동네 성범죄자 신상정보 카카오톡으로 알려준다,20201130
24,"인천도시공사, 임대료 고지서 카카오톡으로 확인하세요!",20201130
18,"""휴가 갈 땐 카카오워크 프로필·대화창에 휴가 표시하세요""",20201130
15,"카카오 배틀그라운드, 50% 할인 이벤트 진행…추가로 'G코인 번들패키지 할인'",20201130
14,"카카오톡에서 '수능' 치면…""할 수 있다""",20201130
12,"""자율주행차, 카카오내비 보고 한줄로 달린다""",20201130
9,"카카오 배틀그라운드, 50% 할인 이벤트 진행…추가로 'G코인 번들패키지 할인'",20201130
6,"[TF초점] 네이버·카카오, 내년 '구독' 시장 정면승부…승자는?",20201130
5,"카카오게임즈, ‘프린세스커넥트’ 신규 캐릭터 ‘루나’ 추가",20201130
4,토스·카카오서도 금융계좌 개설… 한은·금융위 ‘삐걱’,20201130
16,카카오 쇼핑라이브 심상찮다…출시 한달만에 조회수 1천만회,20201130
94,"밀리의 서재, 카카오톡 선물하기 공식 입점",20201130
3,"BAT코리아, 글로 온라인 판매 카카오·네이버에도 입점",20201130
41,"카카오엔터프라이즈, 공공 IT시장 본격 진출",20201130
29,카카오게임즈 '엘리온' 최종 테스트 반응은,20201130
31,"카카오게임즈 엘리온, 인기작 계보 이을지 주목",20201130
54,카카오페이 '결제장애' 발생후 복구(2보),20201130
35,"GS25, 5천개 점포에서 '카카오톡 주문하기' 배달",20201130
39,"네이버, 카카오, 넥슨 등 '집콕'으로 돌아간다",20201130
21,"혹시 해킹?···'카카오계정 보호조치', 대처는 이렇게",20201130
66,"SK증권 ""네이버‧카카오페이 독보적 지위로 코로나19 속에서도 고성장 중""",20201130
44,"""아파트 엘베·주차장도 음성으로 통제"" 카카오, IoT 개발 박차",20201130
63,"카카오페이, 5시 50분부터 '전면장애'(1보)",20201130
46,"딱 '36시간' 열린다… 카카오게임즈, '엘리온' 체험기회 제공",20201130
50,"네이버·카카오·NHN ""스마트 주문 시장 잡아라""",20201130
67,‘기프티쇼 비즈’ 카카오 알림톡으로 모바일상품권 선물 가능,20201220
98,"케이미디어스쿨, 김수연대표 카카오쇼핑라이브, 일반인 시연모델 도전",20201221
79,카카오·삼성·패스 인증서로 연말정산 가능,20201221
62,"대전의 마스코트 꿈돌이, 카카오톡 이모티콘으로 출시!",20201221
66,"카카오모빌리티, 세종시에서 국내최초 자율주행 서비스 시작",20201221
90,"SKT·삼성·카카오, AI로 코로나 위험 막는다",20201222
78,"카카오쇼핑라이브, SPC그룹과 크리스마스 케이크 판매",20201222
93,"[STOCK] ""내년부터가 진짜""… 카카오, 신사업 성장 주목",20201222
91,"SKT·삼성전자·카카오, AI 협력 나선다…‘코로나 극복’ 목표",20201222
97,"홈택스 연말정산, 패스·카카오·페이코 인증서로 로그인한다",20201223
37,"패션 큐레이션 서비스 '카카오스타일', 브랜드 상품 연말 프로모션",20201224
72,"카카오메이커스, 크리스마스 이브에 직각양말 4000켤레 기부",20201224
95,"[ESG경영, 이젠 기업의 생존 키워드] 사회적 책임 힘쓰는 카카오",20201226
94,"카카오페이지, 불법 웹툰 사이트에 10억원 손배소 승소",20201227
47,[2020 포털결산] 카카오② '카카오 시즌2 '구독경제' 올인,20201227
82,"네이버, 카카오 등 IT ‘빅4 오너’ 자산, 4대 그룹 총수 넘어서",20201227
61,공인인증서 없는 첫 연말정산…카카오·패스·페이코 등 격돌(종합),20201227
43,요기요 새주인 쿠팡-카카오-네이버? 분리매각은 불가,20201228
51,"“‘톡스토어’로 부업하세요” 카카오커머스, 노하우 공개",20201228
33,'코로나 수혜' K웹툰 대전의 승자는?…네이버·카카오 '격돌',20201228
65,연말정산 '카카오 인증서'로 가능…내년 1월 도입,20201228
74,럭셔리 가전도 이젠 카카오쇼핑라이브에서,20201228
69,네이버·카카오가 '요기요' 인수에 시큰둥한 까닭은,20201228
84,“1%도 안된다”…네이버·카카오에 배민은 ‘넘사벽’,20201228
87,"네이버·카카오 전문가들 ""AI 연구용 슈퍼컴퓨터, 정부 지원 필요""",20201229
34,"카카오게임즈, ‘유저 참여형 사회공헌’ 전개… 소외계층 지원",20201229
83,"인천교통공사, 전국 도시철도 최초 ‘카카오톡 챗봇 서비스’ 시행",20201229
58,"2020년 고려대 MBA 경영대상, 김주원 카카오 부회장 수상",20201229
73,"""트럼프 양말 선물받은 사람 누구?""… 카카오선물하기, '웃픈' 사연들 화제",20201229
54,내년부터 경주에도 '카카오T 블루 택시' 운행 개시,20201229
89,"카카오게임즈, MMORPG '엘리온' 운영 미흡 논란",20201229
53,"'카카오페이 송금' 성공 비결 들어보니…""OO 담은 덕이죠"" [인터뷰]",20201229
30,대전엑스포 마스코트 꿈돌이 카카오톡 이모티콘 출시,20201229
80,"CJ푸드빌, 카카오플러스 연계 '빕스 얌 딜리버리' 25% 할인",20201229
92,"화려한 2020년 보낸 카카오게임즈, 2021년에는?",20201229
49,"""1회 최고액 선물 670만원""… 카카오 선물하기, '사연의 주인공' 찾는다",20201229
99,"SPC, 크리스마스홈파티 '카카오쇼핑라이브' 22만 시청했다",20201229
25,"카카오페이, 신용조회 서비스 개편…신용점수제 반영",20201229
41,"현대차증권 ""요기요 인수, 네이버·카카오 나설 수 있다""",20201229
16,"카카오게임즈 가디언테일즈, 새 길드 레이드 액자의방 선보여",20201229
38,삼성전자 이재용 국내 주식부호 1위...카카오 김범수 3위,20201229
36,전국 카카오 택시가 범죄 용의자·실종자 찾는다,20201229
46,"카카오커머스, 내일 발뮤다와 카카오쇼핑라이브…최대 40% 할인",20201229
39,"[더벨]카카오모빌리티, 마이발렛 PMI '한몸전략'",20201230
50,"카카오모빌리티 가맹택시 확대 탄력, 내년 첫 흑자달성의 든든한 힘",20201230
55,"[단독] 기도훈·전소니, 카카오TV ‘당신의 운명을 쓰고 있습니다’로 만난다",20201230
31,네이버? 카카오? 쿠팡? ‘요기요 인수’ 선뜻 나서지 않는 이유,20201230
57,"카카오게임즈 프린세스커넥트, 새 캐릭터 추가",20201230
48,"카카오페이, 신용점수제 시행 맞춰 신용조회 서비스 개편",20201230
15,"닻 올린 티맵모빌리티... ""카카오·쏘카 잡아라""",20201230
14,"카카오 택시, 이제 선불로 탄다",20201230
9,"카카오 택시, 이제 선불로 탄다",20201230
8,카카오뱅크 1조원대 유상증자 완료…기업가치 9조3000억원,20201230
81,위메이드 웹툰 '미르의전설: 금갑도룡' 카카오페이지서 인기,20201230
23,이재용 부회장 주식부호 1위도 승계…김범수 카카오 의장 3위 점프,20201230
40,"프리츠 한센, 카카오톡 이모티콘 ‘뉴이어 컬렉션’ 배포 이벤트",20201230
70,"카카오 택시, 전용 앱 통해 요금 선결제 가능",20201230
6,유튜브 모바일 화질 ‘꼴찌’…네이버·카카오TV보다 못해,20201230
7,"카카오VX 골프공 R, 알고보니 ‘대박’",20201230
21,SKT '티맵모빌리티' 출범…카카오 잡을 무기는?,20201230
27,"미니스톱, 카카오페이와 전용 멤버십 출시",20201230
75,"카카오게임즈, 2021년 다양한 게임 라인업으로 이용자층 저변 확대",20201230
24,"카카오모빌리티, '마이발렛' 인수…""주차 서비스 강화""",20201230
11,유튜브 모바일 화질 ‘꼴찌’…네이버·카카오TV보다 못해,20201230
71,"KB·카카오·패스, 연말정산 '인증서 戰' 예고",20201230
88,[풍수@재벌] 분당 부촌 남서울파크힐 주택단지의 카카오 김범수 자택,20201230
12,"카카오게임즈, 내년 10여종 출시…‘오딘’ 필두로 모바일·PC 멀티 플랫폼 공략",20201230
32,"갖기도, 남주기도 애매하네…쿠팡·카카오·네이버 ‘계산중’",20201230
59,"카카오뱅크, 10대와 함께 기부 캠페인 진행",20201230
29,"네이버-카카오, '웹툰' 영상화 인기몰이 내년에도 계속",20201231
13,"카카오VX 골프공 R, 알고보니 ‘대박’",20201231
1,"카카오게임즈, 엘리온 새해맞이 이벤트 진행",20201231
3,"카카오게임즈 가디언테일즈, 새 길드 레이드 액자의방 선보여",20201231
5,카카오 택시에서 요금 선결제 가능해진다,20201231
2,"카카오게임즈, 내년 10여종 출시…‘오딘’ 필두로 모바일·PC 멀티 플랫폼 공략",20201231
42,"카카오페이, ‘1000만명 돌파’ 신용조회 서비스 개편",20201231
22,'요기요' 잡아라…눈독 들이는 '네이버' vs. 선 긋기 나선 '카카오',20201231
17,"유니드컴즈, '카카오 싱크 부스터' 선봬",20201231
56,[2020 포털결산] 카카오① '언택트 바람' 분기 매출 1조원 달성,20201231
18,"카카오, e커머스 경쟁력 강화 사활",20201231
19,"시몬스 침대, “연말연시 ‘카카오톡 선물하기’로 따뜻한 마음 나눠요”",20201231
77,[게임브리핑] 넥슨·크래프톤·카카오게임즈·스마일게이트,20201231
76,"카카오뱅크 1조원 유상증자...한국금융지주, 지분가치 상승",20201231
20,"카카오 VX, 골프공 'R 시리즈' 매출 전월 대비 220% 증가 '인기몰이'",20201231
44,"미니스톱, 카카오페이와 함께 미니스톱 멤버십 출시",20201231
26,"네이버·카카오, 서로 다른 유튜브 견제 전략 '눈길'",20201231
0,"새해에도 굿즈 열풍… 치킨 맛집 'BBQ', 캐릭터 맛집 카카오와 콜라보",20201231
85,[더벨]中 알리페이 리스크…카카오페이 덮치나,20201231
64,마켓컬리·카카오뱅크 등 '비상장 주식' 무료거래 플랫폼 오픈,20201231
63,"공모주 열풍 새해 계속, SK바이오사이언스 크래프톤 카카오뱅크 대기",20201231
80,"카카오 김범수, 가족 포함 친인척에게 1452억원 규모 33만주 증여",20210120
54,"카카오페이지-카카오M 합병, 카카오엔터테인먼트 출범 [공식]",20210125
15,"연매출 1조 '카카오엔터' 출범…""해외 시장 공략 가속""",20210125
21,3월 ‘카카오 엔터’ 출범…네이버와 K-콘텐츠 승부,20210125
98,"김범수의장 자녀 ‘케이큐브홀딩스’ 재직 확인…카카오 ""승계와 관련없다""",20210125
53,"카카오페이 '미니금고', 두 달 만에 예수금 1100억 돌파",20210125
61,"카카오뱅크, 경력직 세 자릿수로 뽑는다",20210125
28,카카오 자산관리 서비스 중단 위기…네이버는 ‘기사회생’,20210125
27,"보도자료나 타 언론사 그대로 베껴…네이버·카카오, 9개 매체 제휴 해제",20210125
16,"""카카오미니 외장 배터리팩에서 불날 수도""…수거·환불 개시",20210125
42,"카카오뱅크, 세자릿수 경력직 채용",20210125
97,AI 스피커 '카카오미니C' 외장 배터리 연소… 전량 회수·환불,20210125
96,재고명품도 '카카오톡 선물하기'로 산다,20210125
86,"네이버·카카오, 올해 '웹툰·웹소설' 콘텐츠 맞불",20210125
83,네이버·카카오·구글 잡는 플랫폼법 국회로…내년 시행 목표,20210126
79,"카카오, 오뚜기와 협업 '라이언X진라면' 굿즈 출시",20210126
45,"이베스트證 ""카카오페이지·카카오M 합병...카카오 시너지 극대화에 긍정적""",20210126
22,"카카오 AI 스피커 외장배터리 연소…""전량 회수·환불 조치""",20210126
74,카카오게임즈 '뱅드림' 서비스 3주년 맞아,20210126
93,네이버·카카오·삼성전자도 5G 특화망 구축한다,20210126
58,"카카오 김범수 자녀 재직 중인 '케이큐브홀딩스', 어디?… ""승계와는 무관""",20210126
88,"BBQ, 카카오와 콜라보 한 '리틀 프렌즈 세트 6종' 4000원 할인",20210126
51,"카카오톡, 갤럭시탭에서도 '다중 로그인' 지원",20210126
31,"코리아센터 메이크샵, 카카오와 카카오싱크 활용 전략 웨비나",20210126
90,"코리아센터, 카카오싱크 활용법 온라인세미나 개최",20210126
70,"네이버-카카오, 새 역사 쓰나…역대 최대 실적 '눈앞'",20210126
35,"""쉬워진 연말정산 영향인가"" 카카오톡 지갑 이용자 550만명 돌파",20210127
38,"[TF초점] 네이버·카카오, '언택트 전략' 通했다…실적 전망 '장밋빛'",20210127
23,"카카오 인증서 발급, 출시 한 달 만에 550만 돌파",20210127
29,'부장한텐 숨길래요'…카카오톡 멀티프로필 도입,20210127
91,"`마이데이터 심사 지연에 속타는 카카오페이, 자산관리 서비스 어쩌나",20210127
85,[IT큐레이션] 엔터 전쟁...카카오는 자력갱생 택했다,20210127
76,"메트라이프, AI변액보험 카카오톡에서 펀드 비율 가능",20210127
87,카카오 2대 주주사에 김범수 자녀 입사…경영 승계 사전작업 논란,20210127
89,"'카카오페이지·카카오M' 합병, 3월 '카카오엔터테인먼트' 출범",20210127
65,"하카코리아, 카카오채널 오픈... 소비자와 접점 확대 나서",20210127
68,"코로나 시대, 날개 단 카카오·네이버 간편결제",20210127
50,"BBQ, 카카오톡 선물하기 4천원 할인",20210127
95,"카카오톡 지갑, 이용자 550만명 돌파...자격증도 확인",20210127
10,카카오TV 누적조회수 2억뷰 돌파...웨이브·넷플릭스로 확장,20210127
49,네이버 기사회생… 카카오는 자산관리 중단 위기,20210127
99,"카카오톡 지갑, 이용자 550만명 돌파···QR체크인·자격증 추가",20210127
30,마이데이터 '1기' 확정…결국 초대 못 받은 카카오페이(종합),20210127
34,"KT 구현모號, ‘한국판 넷플릭스’ 설립해 네이버·카카오 대항",20210128
20,카카오톡 멀티프로필 사용방법…'최대 3개 부캐' 설정 가능,20210128
55,"카카오게임즈, 3월 신작 ‘앨리스클로젯’ 사전예약",20210128
82,"충남소방, “카카오톡으로 119구급 상담 받아요”",20210128
77,선 넘는 카카오T 광고,20210128
8,'네이버·카카오T' 앱에서 KTX 바로예약,20210128
47,"카카오페이, 결국 자산관리 일부 서비스 중단 공지…심사는 언제?",20210128
94,"카톡 프사, 친구와 회사에 다르게 노출하고 싶다면?…카카오톡 ‘멀티프로필’ 도입",20210128
44,"中에 발목 잡힐 줄은…마이데이터 멈추는 카카오페이, 1500만 유저만 피해",20210129
25,"[TF초점] '엔터'에 꽂힌 네이버·카카오,'해외·콘텐츠' 두 마리 토끼 잡을까",20210129
26,50여 계열사 뭉친 ‘카카오엔터’ 탄생…‘내수기업 꼬리표 떼겠다’,20210129
57,"카카오게임즈 '가디언테일즈', 취검사 린 업데이트",20210129
37,"삼성 갤럭시S21 전 세계 출시, 29일 카카오쇼핑 이용 12% 할인가",20210129
39,"충남소방본부 ""119 구급 상담도 카카오톡으로…연중무휴""",20210129
33,"카카오, 대형 엔터사 사업 확장",20210129
62,"[뉴스업]카카오 김범수 자녀, 투자 선생은 누구인가?",20210129
63,"준비 다했는데 결국… 카카오페이, 마이데이터 사업 중단한다",20210129
40,"밀양시, 카카오톡채널 운영…2월14일까지 가입 이벤트",20210129
66,"캘러웨이 에픽 드라이버 페어웨이 우드 출시...카카오 VX, '프렌즈 비비드 장갑’ 내놔 [스포츠신상공개]",20210129
41,"카카오페이지, 하루 2회 웹툰 무료 이용권 지원",20210129
75,[산업 막전막후] 자동배차는 손보다 빠르다…카카오T 콜 몰아주기 ‘논란’,20210129
43,하루 만에 시가총액 77조 증발…카카오 2개 사라진 꼴,20210129
19,"""김범수-카카오 관계사 부동산거래는 공시 제외?""…'구멍난' 공정위 감시망",20210129
92,"카카오쇼핑라이브, 갤럭시S21 출시 기념 프로모션 진행",20210129
11,"[단독] 카카오모빌리티 ""대리기사 단체교섭 부당"" 행정소송 제기",20210129
13,"[단독] 배민, 카카오, 라이더·대리 멋대로 계약해지하면 과태료 500만원",20210129
17,"갤럭시 S21, 오늘 저녁 카카오쇼핑라이브로 사면 12% 할인",20210129
81,"'온라인 콘서트'에 팬덤 우르르…카카오TV, '오리지널·카톡' 효과에 순항",20210129
18,"[아!이뉴스] 올해 K-OTT 성장 '골든타임'…카카오모빌리티, 행정소송 제기",20210129
78,"LF 헤지스, '카카오쇼핑라이브'서 신년맞이 라방 진행",20210129
71,"""카카오 지갑 탈퇴는 어디서 하나요""…가입은 강요하더니 해지는 불가",20210129
60,신세계면세점이 ‘카카오톡 선물하기’ 속으로…,20210130
67,‘콘텐츠 공룡’ 카카오엔터테인먼트 3월 출범(종합),20210130
69,"""라이언도 진라면 마니아""…카카오-오뚜기 콜라보 굿즈 출시",20210130
46,"“초대형 콘텐츠 회사”…카카오, 대규모 자회사 합병 추진 중이다",20210130
52,"마이데이터, 네이버·토스 ‘방긋’...카카오는 울었다",20210130
72,카카오톡의 새로운 기능을 놓고 심상찮은 논란이 벌어지고 있습니다,20210130
7,"광주시 북구, 광주시 최초 카카오톡 민원 챗봇 서비스 도입",20210131
14,저축은행 알짜 상품…토스·카카오페이·핀크서 찾아라,20210131
56,네이버·카카오 라이브커머스 빅매치…라방 수수료 ‘3% vs 20%’,20210131
12,카카오톡 멀티프로필 베타 적용… 내 맘대로 ‘부캐’ 설정해 대화,20210131
6,카카오·마카롱 등 ‘브랜드 택시’ 3만대...1년 전보다 18배 늘어,20210131
9,"한국철도, KTX 승차권 예매 서비스 네이버·카카오T 앱에서도 제공",20210131
32,"토스증권, 카카오페이 제치고 위탁매매 시장 선점",20210131
0,네이버 지도와 카카오T에서 KTX 승차권 예매한다(종합),20210131
36,공군 카카오톡 채널'공군인권나래센터'운영,20210131
59,"갤럭시A31 효도폰 및 카카오 키즈폰 공짜폰 개통 시작, 요금지원 프로모션 인기",20210131
1,카카오T·네이버에서 열차 승차권 바로 구매,20210131
3,광주 북구 1일부터 ‘카카오톡 민원 챗봇’ 서비스 도입,20210131
4,"與, 네이버·카카오·배달의민족 '정조준'…전방위 '플랫폼 규제법안' 잇달아 발의",20210131
95,"카카오 김범수의 담대한 기부, 이달 말 구성원 간담회로 첫발",20210215
88,美 국채금리 급등에 국내 증시도 ‘출렁’…카카오·기아 상승세,20210217
84,"카카오, 목표주가도 질주…한 달 새 5만9000원↑[株포트라이트]",20210218
79,"IT인재 육성…카카오, 제주대에 장학금 2천만원 지원",20210218
92,"세계 최대 자산운용사 블랙록, 카카오 지분 5% 이상 늘렸다",20210219
87,"카카오, 전 직원 대상 인공지능 윤리 교육 실시",20210221
90,"""함께 일하고 싶지 않아요""…카카오 인사평가 논란",20210221
60,"'모빌리티 판커진다' 카카오·티맵, 실탄 확보 박차",20210222
59,"카카오 인사평가 논란에 '초긴장'…김범수, 간담회서 입열까",20210222
41,[시그널] 카카오가 품은 야나두 상장 속도···기업 가치1兆 목표,20210222
56,'주문하면 만드는 상점' 카카오메이커스 5주년…1천145만건 판매,20210222
94,"카카오, 모빌리티 유증으로 지분가치 상승…목표가↑-SK",20210222
86,"완도 섬소년, 여덟 식구 단칸방…배민 카카오 창업가 통큰 기부",20210223
85,[게시판] 한국남부발전 카카오톡 챗봇 서비스,20210223
58,"잘 나가는 네이버·카카오, 제대로 된 연봉 협상은 없다?",20210223
73,카카오 빼고 파란불 주르륵…코스피 하루 만에 또 급락,20210223
67,"[특징주] 카카오, 시총 상위주 중 홀로 상승",20210223
33,네이버 이해진-카카오 김범수 리더십 25일 시험대 오른다,20210224
38,"‘인사평가’ 논란 휩싸인 카카오, 다음달 ‘따로’ 입 연다?",20210224
27,"'맘스폰' 신비, 카카오리틀프렌즈4, ZEM 키즈폰 할인 및 요금지원 화제",20210224
46,"네이버 이해진·카카오 김범수, 성과급·인사 불만 직접 달랜다",20210224
45,"‘당신과 일하기 싫다’ 인사평가 갈등 카카오, 3월11일 추가 간담회 연다",20210224
48,"사내청문회 나온 카카오 김범수 ""사람은 완벽하게 불완전하다""",20210225
47,"피지컬갤러리 김계란, 이번엔 귀농일기…카카오TV '찐서유기' 첫 공개",20210225
30,카카오 성과급 문제 입연 김범수 “자본주의 지지”,20210225
42,"'창업자 사내청문회' 여는 네이버 카카오…성과급, 평가 논란 진화될까",20210225
26,3월 카카오게임즈 등 48개사 약 2억주 의무보유 해제,20210225
77,카카오 김범수 이어 배민 만든 김봉진 대표도 기부 서약,20210225
78,"카카오, 인사평가 '진통'…김범수 의장 나설까",20210225
25,네이버·카카오 제휴 매체 심사 강화해 '꼼수' 막는다,20210225
21,"폴리뉴스, 네이버·카카오 '뉴스 검색서비스 중단금지' 가처분 신청",20210225
16,"‘집사부’ 양세형 “200% 오른 카카오 주식, 10만원→14만원에 팔아”",20210225
98,"'소통이 답' 네이버 이해진·카카오 김범수, 사내 갈등 해결 '정공법'",20210225
32,카카오 '선물하기 for Biz'로 대량 선물 가능해졌다,20210225
70,[fn마켓워치]카카오 입주 'H스퀘어' 매각 속도,20210225
53,"김범수 카카오 의장, 잇단 직원 폭로 논란에 “경고등으로 생각해…우리는 문제투성이 사람들”",20210225
54,‘음악 저작권료’ 소송에 쏙 빠진 카카오…OTT 키우지만 음원공룡 ‘딜레마’,20210225
91,"[단독]김범수 ""적군·라이벌 생긴 카카오, 대기업 되면서 책임감 감수해야""",20210225
8,승객이 뽑은 카카오T 브랜드 최고의 크루 100인은?,20210225
5,"카카오, 주식 분할로 '국민주' 되나…주가 향방 관심",20210225
62,카카오 '대한민국 일자리 대상' 경제부총리상,20210225
63,"카카오, 주당 150원 결산 배당",20210225
97,"[일자리대상] '통큰 채용' 카카오, 최고상인 경제부총리상…작년 임직원 1만명 돌파",20210225
65,알맹이 빠진 김범수 간담회…할말 잃은 카카오 직원들,20210225
66,"카카오페이증권, 소액투자 가능한 'ESG·인덱스·리버스 펀드' 출시",20210225
17,"카카오, 오는 28일 오후 7시30분 노스페이스와 함께 라이브커머스",20210226
40,"""핀테크社, 신사업 전 정부에 신고해라""…네이버·카카오 '비상'",20210226
39,"'지옥' 인사평가에 카카오 김범수 ""바로 잡겠다""… 2일 추가 간담회",20210226
37,"티맵+우버 택시 합작법인 '우티', 4월 1일 출범…카카오 독주 막을까",20210226
19,"카카오페이 대표, 국회 온다…""주식 소수점거래 시급""",20210226
28,‘카카오 직원 유서’에 김범수 의장 “경고등으로 생각”,20210226
7,"카카오 김범수 ""빌게이츠가 롤모델…기부금 바로 쓸 것""",20210226
11,"""네이버·카카오 제평위, 입점 심사 없애야…제재 심사만 필요""",20210226
9,"‘집사부’ 양세형 “200% 오른 카카오 주식, 10만원→14만원에 팔아”",20210226
44,"민간인증서 경쟁 1차전서 완승한 카카오, 기대에 못미친 패스",20210226
35,[주식 초고수는 지금] '액면 분할' 카카오 사고 코스닥 상장 뷰노 팔았다,20210226
51,"카카오, 국민주에 한 걸음…김범수 “기부금 바로 써나가고 싶어”",20210226
93,[fn사설]네이버·카카오가 新기업문화 창출 선도하길,20210226
99,"카카오 계열사, 지분 매입 두 달 만에 폐업 수순 밟는다",20210226
0,"5분의 1 액분 결정한 카카오, 주가 전망은",20210226
80,카카오 최근 3일 공매도 7471건 폭발...잔고금액 500억규모,20210226
71,[Who Is ?] 여민수 카카오 대표이사,20210226
89,"카카오리틀프렌즈폰4∙신비키즈폰∙잼폰, 초등학생 입학선물로 '어린이핸드폰' 공짜",20210226
69,"카카오 VX, 골프 트레이닝 프로그램 신규 런칭",20210226
81,"네이버·카카오 직원 달래기 나섰지만 ""질문 검열에 하고 싶은 말만"" 불만 증폭",20210226
74,"카카오, 주식 1주를 5주로 쪼갠다",20210226
96,"[단독] 네이버·카카오·토스, 본인확인기관 모두 탈락…방통위의 변심?",20210226
68,"카카오메이커스, 출시 5주년 맞이 프로모션 진행",20210226
76,"[뉴시스 일자리대상]카카오 등 16개사…""코로나 딛고 일자리 확대 노력 호평""(종합)",20210226
31,코스피 급락 속 시총상위 일제히 하락…카카오·기아차 나홀로 강세,20210226
13,"""네이버·카카오가 금융시장 잠식할 것""",20210227
6,"[특징주] 카카오, '액면분할 효과'에 강세",20210227
61,'톡톡 튀는 치안정책 홍보' 옥천경찰서 카카오 채널 개설 눈길,20210227
49,"네이버·카카오 뉴스제휴평가위원회 5년…""포털도 전면에 나서야""",20210227
15,"""5조 기부금 어디에 쓸까요?"" 카카오 김범수, 직원들과 머리 맞대다",20210228
4,카카오 주식 액면분할…'제2의 네이버' 기대?(종합),20210228
2,'함께 일하기 싫다' 카카오 인사평가 논란…핵심이 빠졌다,20210228
10,"성장통일까 불통일까…‘직원 불만’ 네이버·카카오, 과제 남겼다",20210228
1,"""카카오가 망한다면 왜일까요? 우린 전기차 안 해요?""…김범수가 답했다",20210228
55,도 넘는 '구글 갑질'에도 속수무책... 속타는 네이버·카카오,20210228
18,[시승기] HUD에 카카오내비 경로 띄우는 혼다 어코드 하이브리드,20210228
23,"'5조 기부' 카카오 김범수 ""묵히지 않고 바로 쓰겠다""",20210228
82,"""언택트로 마음 전해요"" 동아제약 셀파렉스, 카카오톡 선물하기 입점",20210228
29,카카오 기아차만 살았다…시총 상위 대형주 줄줄이 급락,20210228
34,"‘액면분할’ 단행한 카카오, 동학개미 업고 주가 ‘고공행진’ 할까",20210228
36,기업 사은품·이벤트도 ‘카카오톡 선물하기’에서 준비,20210228
43,'옥천 경찰' 카카오 채널 개설,20210228
22,티맵-우버 합작법인 ‘우티’ 4월 출범... 카카오모빌리티에 도전장,20210228
